USE CONTROLE_FINANCEIRO

--INSERTS CLIENTE E CREDENCIAL
INSERT INTO [dbo].[Cliente] VALUES('usuario2','usuario2@email.com',1,SYSDATETIME(),SYSDATETIME(),'carloswagner','carloswagner')
INSERT INTO [dbo].[Credencial] VALUES('usuario2','usuario2',Scope_identity(),1,SYSDATETIME(),SYSDATETIME(),'carloswagner','carloswagner')

INSERT INTO [dbo].[Cliente] VALUES('usuario3','usuario3@email.com',1,SYSDATETIME(),SYSDATETIME(),'carloswagner','carloswagner')
INSERT INTO [dbo].[Credencial] VALUES('usuario3','usuario3',Scope_identity(),1,SYSDATETIME(),SYSDATETIME(),'carloswagner','carloswagner')

INSERT INTO [dbo].[Cliente] VALUES('usuario4','usuario4@email.com',1,SYSDATETIME(),SYSDATETIME(),'carloswagner','carloswagner')
INSERT INTO [dbo].[Credencial] VALUES('usuario4','usuario4',Scope_identity(),1,SYSDATETIME(),SYSDATETIME(),'carloswagner','carloswagner')

INSERT INTO [dbo].[Cliente] VALUES('usuario5','usuario5@email.com',1,SYSDATETIME(),SYSDATETIME(),'carloswagner','carloswagner')
INSERT INTO [dbo].[Credencial] VALUES('usuario5','usuario5',Scope_identity(),1,SYSDATETIME(),SYSDATETIME(),'carloswagner','carloswagner')

INSERT INTO [dbo].[Cliente] VALUES('usuario6','usuario6@email.com',1,SYSDATETIME(),SYSDATETIME(),'carloswagner','carloswagner')
INSERT INTO [dbo].[Credencial] VALUES('usuario6','usuario6',Scope_identity(),1,SYSDATETIME(),SYSDATETIME(),'carloswagner','carloswagner')

INSERT INTO [dbo].[Cliente] VALUES('usuario7','usuario7@email.com',1,SYSDATETIME(),SYSDATETIME(),'carloswagner','carloswagner')
INSERT INTO [dbo].[Credencial] VALUES('usuario7','usuario7',Scope_identity(),1,SYSDATETIME(),SYSDATETIME(),'carloswagner','carloswagner')

INSERT INTO [dbo].[Cliente] VALUES('usuario8','usuario8@email.com',1,SYSDATETIME(),SYSDATETIME(),'carloswagner','carloswagner')
INSERT INTO [dbo].[Credencial] VALUES('usuario8','usuario8',Scope_identity(),1,SYSDATETIME(),SYSDATETIME(),'carloswagner','carloswagner')

INSERT INTO [dbo].[Cliente] VALUES('usuario9','usuario9@email.com',1,SYSDATETIME(),SYSDATETIME(),'carloswagner','carloswagner')
INSERT INTO [dbo].[Credencial] VALUES('usuario9','usuario9',Scope_identity(),1,SYSDATETIME(),SYSDATETIME(),'carloswagner','carloswagner')

INSERT INTO [dbo].[Cliente] VALUES('usuario10','usuario10@email.com',1,SYSDATETIME(),SYSDATETIME(),'carloswagner','carloswagner')
INSERT INTO [dbo].[Credencial] VALUES('usuario10','usuario10',Scope_identity(),1,SYSDATETIME(),SYSDATETIME(),'carloswagner','carloswagner')

INSERT INTO [dbo].[Cliente] VALUES('usuario11','usuario11@email.com',1,SYSDATETIME(),SYSDATETIME(),'carloswagner','carloswagner')
INSERT INTO [dbo].[Credencial] VALUES('usuario11','usuario11',Scope_identity(),1,SYSDATETIME(),SYSDATETIME(),'carloswagner','carloswagner')

INSERT INTO [dbo].[Cliente] VALUES('usuario12','usuario12@email.com',1,SYSDATETIME(),SYSDATETIME(),'carloswagner','carloswagner')
INSERT INTO [dbo].[Credencial] VALUES('usuario12','usuario12',Scope_identity(),1,SYSDATETIME(),SYSDATETIME(),'carloswagner','carloswagner')

INSERT INTO [dbo].[Cliente] VALUES('usuario13','usuario13@email.com',1,SYSDATETIME(),SYSDATETIME(),'carloswagner','carloswagner')
INSERT INTO [dbo].[Credencial] VALUES('usuario13','usuario13',Scope_identity(),1,SYSDATETIME(),SYSDATETIME(),'carloswagner','carloswagner')

INSERT INTO [dbo].[Cliente] VALUES('usuario14','usuario14@email.com',1,SYSDATETIME(),SYSDATETIME(),'carloswagner','carloswagner')
INSERT INTO [dbo].[Credencial] VALUES('usuario14','usuario14',Scope_identity(),1,SYSDATETIME(),SYSDATETIME(),'carloswagner','carloswagner')

INSERT INTO [dbo].[Cliente] VALUES('usuario15','usuario15@email.com',1,SYSDATETIME(),SYSDATETIME(),'carloswagner','carloswagner')
INSERT INTO [dbo].[Credencial] VALUES('usuario15','usuario15',Scope_identity(),1,SYSDATETIME(),SYSDATETIME(),'carloswagner','carloswagner')

INSERT INTO [dbo].[Cliente] VALUES('usuario16','usuario16@email.com',1,SYSDATETIME(),SYSDATETIME(),'carloswagner','carloswagner')
INSERT INTO [dbo].[Credencial] VALUES('usuario16','usuario16',Scope_identity(),1,SYSDATETIME(),SYSDATETIME(),'carloswagner','carloswagner')

INSERT INTO [dbo].[Cliente] VALUES('usuario17','usuario17@email.com',1,SYSDATETIME(),SYSDATETIME(),'carloswagner','carloswagner')
INSERT INTO [dbo].[Credencial] VALUES('usuario17','usuario17',Scope_identity(),1,SYSDATETIME(),SYSDATETIME(),'carloswagner','carloswagner')

INSERT INTO [dbo].[Cliente] VALUES('usuario18','usuario18@email.com',1,SYSDATETIME(),SYSDATETIME(),'carloswagner','carloswagner')
INSERT INTO [dbo].[Credencial] VALUES('usuario18','usuario18',Scope_identity(),1,SYSDATETIME(),SYSDATETIME(),'carloswagner','carloswagner')

INSERT INTO [dbo].[Cliente] VALUES('usuario19','usuario19@email.com',1,SYSDATETIME(),SYSDATETIME(),'carloswagner','carloswagner')
INSERT INTO [dbo].[Credencial] VALUES('usuario19','usuario19',Scope_identity(),1,SYSDATETIME(),SYSDATETIME(),'carloswagner','carloswagner')

INSERT INTO [dbo].[Cliente] VALUES('usuario20','usuario20@email.com',1,SYSDATETIME(),SYSDATETIME(),'carloswagner','carloswagner')
INSERT INTO [dbo].[Credencial] VALUES('usuario20','usuario20',Scope_identity(),1,SYSDATETIME(),SYSDATETIME(),'carloswagner','carloswagner')

INSERT INTO [dbo].[Cliente] VALUES('usuario21','usuario21@email.com',1,SYSDATETIME(),SYSDATETIME(),'carloswagner','carloswagner')
INSERT INTO [dbo].[Credencial] VALUES('usuario21','usuario21',Scope_identity(),1,SYSDATETIME(),SYSDATETIME(),'carloswagner','carloswagner')

INSERT INTO [dbo].[Cliente] VALUES('usuario22','usuario22@email.com',1,SYSDATETIME(),SYSDATETIME(),'carloswagner','carloswagner')
INSERT INTO [dbo].[Credencial] VALUES('usuario22','usuario22',Scope_identity(),1,SYSDATETIME(),SYSDATETIME(),'carloswagner','carloswagner')

INSERT INTO [dbo].[Cliente] VALUES('usuario23','usuario23@email.com',1,SYSDATETIME(),SYSDATETIME(),'carloswagner','carloswagner')
INSERT INTO [dbo].[Credencial] VALUES('usuario23','usuario23',Scope_identity(),1,SYSDATETIME(),SYSDATETIME(),'carloswagner','carloswagner')

INSERT INTO [dbo].[Cliente] VALUES('usuario24','usuario24@email.com',1,SYSDATETIME(),SYSDATETIME(),'carloswagner','carloswagner')
INSERT INTO [dbo].[Credencial] VALUES('usuario24','usuario24',Scope_identity(),1,SYSDATETIME(),SYSDATETIME(),'carloswagner','carloswagner')

INSERT INTO [dbo].[Cliente] VALUES('usuario25','usuario25@email.com',1,SYSDATETIME(),SYSDATETIME(),'carloswagner','carloswagner')
INSERT INTO [dbo].[Credencial] VALUES('usuario25','usuario25',Scope_identity(),1,SYSDATETIME(),SYSDATETIME(),'carloswagner','carloswagner')

INSERT INTO [dbo].[Cliente] VALUES('usuario26','usuario26@email.com',1,SYSDATETIME(),SYSDATETIME(),'carloswagner','carloswagner')
INSERT INTO [dbo].[Credencial] VALUES('usuario26','usuario26',Scope_identity(),1,SYSDATETIME(),SYSDATETIME(),'carloswagner','carloswagner')

INSERT INTO [dbo].[Cliente] VALUES('usuario27','usuario27@email.com',1,SYSDATETIME(),SYSDATETIME(),'carloswagner','carloswagner')
INSERT INTO [dbo].[Credencial] VALUES('usuario27','usuario27',Scope_identity(),1,SYSDATETIME(),SYSDATETIME(),'carloswagner','carloswagner')

INSERT INTO [dbo].[Cliente] VALUES('usuario28','usuario28@email.com',1,SYSDATETIME(),SYSDATETIME(),'carloswagner','carloswagner')
INSERT INTO [dbo].[Credencial] VALUES('usuario28','usuario28',Scope_identity(),1,SYSDATETIME(),SYSDATETIME(),'carloswagner','carloswagner')

INSERT INTO [dbo].[Cliente] VALUES('usuario29','usuario29@email.com',1,SYSDATETIME(),SYSDATETIME(),'carloswagner','carloswagner')
INSERT INTO [dbo].[Credencial] VALUES('usuario29','usuario295',Scope_identity(),1,SYSDATETIME(),SYSDATETIME(),'carloswagner','carloswagner')

INSERT INTO [dbo].[Cliente] VALUES('usuario30','usuario30@email.com',1,SYSDATETIME(),SYSDATETIME(),'carloswagner','carloswagner')
INSERT INTO [dbo].[Credencial] VALUES('usuario30','usuario30',Scope_identity(),1,SYSDATETIME(),SYSDATETIME(),'carloswagner','carloswagner')

INSERT INTO [dbo].[Cliente] VALUES('usuario31','usuario31@email.com',1,SYSDATETIME(),SYSDATETIME(),'carloswagner','carloswagner')
INSERT INTO [dbo].[Credencial] VALUES('usuario31','usuario31',Scope_identity(),1,SYSDATETIME(),SYSDATETIME(),'carloswagner','carloswagner')

INSERT INTO [dbo].[Cliente] VALUES('usuario32','usuario32@email.com',1,SYSDATETIME(),SYSDATETIME(),'carloswagner','carloswagner')
INSERT INTO [dbo].[Credencial] VALUES('usuario32','usuario32',Scope_identity(),1,SYSDATETIME(),SYSDATETIME(),'carloswagner','carloswagner')

INSERT INTO [dbo].[Cliente] VALUES('usuario33','usuario33@email.com',1,SYSDATETIME(),SYSDATETIME(),'carloswagner','carloswagner')
INSERT INTO [dbo].[Credencial] VALUES('usuario33','usuario33',Scope_identity(),1,SYSDATETIME(),SYSDATETIME(),'carloswagner','carloswagner')

INSERT INTO [dbo].[Cliente] VALUES('usuario34','usuario34@email.com',1,SYSDATETIME(),SYSDATETIME(),'carloswagner','carloswagner')
INSERT INTO [dbo].[Credencial] VALUES('usuario34','usuario34',Scope_identity(),1,SYSDATETIME(),SYSDATETIME(),'carloswagner','carloswagner')

INSERT INTO [dbo].[Cliente] VALUES('usuario35','usuario35@email.com',1,SYSDATETIME(),SYSDATETIME(),'carloswagner','carloswagner')
INSERT INTO [dbo].[Credencial] VALUES('usuario35','usuario35',Scope_identity(),1,SYSDATETIME(),SYSDATETIME(),'carloswagner','carloswagner')

INSERT INTO [dbo].[Cliente] VALUES('usuario36','usuario36@email.com',1,SYSDATETIME(),SYSDATETIME(),'carloswagner','carloswagner')
INSERT INTO [dbo].[Credencial] VALUES('usuario36','usuario36',Scope_identity(),1,SYSDATETIME(),SYSDATETIME(),'carloswagner','carloswagner')

INSERT INTO [dbo].[Cliente] VALUES('usuario37','usuario37@email.com',1,SYSDATETIME(),SYSDATETIME(),'carloswagner','carloswagner')
INSERT INTO [dbo].[Credencial] VALUES('usuario37','usuario37',Scope_identity(),1,SYSDATETIME(),SYSDATETIME(),'carloswagner','carloswagner')

INSERT INTO [dbo].[Cliente] VALUES('usuario38','usuario38@email.com',1,SYSDATETIME(),SYSDATETIME(),'carloswagner','carloswagner')
INSERT INTO [dbo].[Credencial] VALUES('usuario38','usuario38',Scope_identity(),1,SYSDATETIME(),SYSDATETIME(),'carloswagner','carloswagner')

INSERT INTO [dbo].[Cliente] VALUES('usuario39','usuario39@email.com',1,SYSDATETIME(),SYSDATETIME(),'carloswagner','carloswagner')
INSERT INTO [dbo].[Credencial] VALUES('usuario39','usuario39',Scope_identity(),1,SYSDATETIME(),SYSDATETIME(),'carloswagner','carloswagner')

INSERT INTO [dbo].[Cliente] VALUES('usuario40','usuario40@email.com',1,SYSDATETIME(),SYSDATETIME(),'carloswagner','carloswagner')
INSERT INTO [dbo].[Credencial] VALUES('usuario40','usuario40',Scope_identity(),1,SYSDATETIME(),SYSDATETIME(),'carloswagner','carloswagner')

INSERT INTO [dbo].[Cliente] VALUES('usuario41','usuario41@email.com',1,SYSDATETIME(),SYSDATETIME(),'carloswagner','carloswagner')
INSERT INTO [dbo].[Credencial] VALUES('usuario41','usuario41',Scope_identity(),1,SYSDATETIME(),SYSDATETIME(),'carloswagner','carloswagner')

INSERT INTO [dbo].[Cliente] VALUES('usuario42','usuario42@email.com',1,SYSDATETIME(),SYSDATETIME(),'carloswagner','carloswagner')
INSERT INTO [dbo].[Credencial] VALUES('usuario42','usuario42',Scope_identity(),1,SYSDATETIME(),SYSDATETIME(),'carloswagner','carloswagner')

INSERT INTO [dbo].[Cliente] VALUES('usuario43','usuario43@email.com',1,SYSDATETIME(),SYSDATETIME(),'carloswagner','carloswagner')
INSERT INTO [dbo].[Credencial] VALUES('usuario43','usuario43',Scope_identity(),1,SYSDATETIME(),SYSDATETIME(),'carloswagner','carloswagner')

INSERT INTO [dbo].[Cliente] VALUES('usuario44','usuario44@email.com',1,SYSDATETIME(),SYSDATETIME(),'carloswagner','carloswagner')
INSERT INTO [dbo].[Credencial] VALUES('usuario44','usuario44',Scope_identity(),1,SYSDATETIME(),SYSDATETIME(),'carloswagner','carloswagner')

INSERT INTO [dbo].[Cliente] VALUES('usuario45','usuario45@email.com',1,SYSDATETIME(),SYSDATETIME(),'carloswagner','carloswagner')
INSERT INTO [dbo].[Credencial] VALUES('usuario45','usuario45',Scope_identity(),1,SYSDATETIME(),SYSDATETIME(),'carloswagner','carloswagner')

INSERT INTO [dbo].[Cliente] VALUES('usuario46','usuario46@email.com',1,SYSDATETIME(),SYSDATETIME(),'carloswagner','carloswagner')
INSERT INTO [dbo].[Credencial] VALUES('usuario46','usuario46',Scope_identity(),1,SYSDATETIME(),SYSDATETIME(),'carloswagner','carloswagner')

INSERT INTO [dbo].[Cliente] VALUES('usuario47','usuario47@email.com',1,SYSDATETIME(),SYSDATETIME(),'carloswagner','carloswagner')
INSERT INTO [dbo].[Credencial] VALUES('usuario47','usuario47',Scope_identity(),1,SYSDATETIME(),SYSDATETIME(),'carloswagner','carloswagner')

INSERT INTO [dbo].[Cliente] VALUES('usuario48','usuario48@email.com',1,SYSDATETIME(),SYSDATETIME(),'carloswagner','carloswagner')
INSERT INTO [dbo].[Credencial] VALUES('usuario48','usuario48',Scope_identity(),1,SYSDATETIME(),SYSDATETIME(),'carloswagner','carloswagner')

INSERT INTO [dbo].[Cliente] VALUES('usuario49','usuario49@email.com',1,SYSDATETIME(),SYSDATETIME(),'carloswagner','carloswagner')
INSERT INTO [dbo].[Credencial] VALUES('usuario49','usuario49',Scope_identity(),1,SYSDATETIME(),SYSDATETIME(),'carloswagner','carloswagner')

INSERT INTO [dbo].[Cliente] VALUES('usuario50','usuario50@email.com',1,SYSDATETIME(),SYSDATETIME(),'carloswagner','carloswagner')
INSERT INTO [dbo].[Credencial] VALUES('usuario50','usuario50',Scope_identity(),1,SYSDATETIME(),SYSDATETIME(),'carloswagner','carloswagner')

INSERT INTO [dbo].[Cliente] VALUES('usuario51','usuario51@email.com',1,SYSDATETIME(),SYSDATETIME(),'carloswagner','carloswagner')
INSERT INTO [dbo].[Credencial] VALUES('usuario51','usuario51',Scope_identity(),1,SYSDATETIME(),SYSDATETIME(),'carloswagner','carloswagner')

INSERT INTO [dbo].[Cliente] VALUES('usuario52','usuario52@email.com',1,SYSDATETIME(),SYSDATETIME(),'carloswagner','carloswagner')
INSERT INTO [dbo].[Credencial] VALUES('usuario52','usuario52',Scope_identity(),1,SYSDATETIME(),SYSDATETIME(),'carloswagner','carloswagner')

INSERT INTO [dbo].[Cliente] VALUES('usuario53','usuario53@email.com',1,SYSDATETIME(),SYSDATETIME(),'carloswagner','carloswagner')
INSERT INTO [dbo].[Credencial] VALUES('usuario53','usuario53',Scope_identity(),1,SYSDATETIME(),SYSDATETIME(),'carloswagner','carloswagner')

INSERT INTO [dbo].[Cliente] VALUES('usuario54','usuario54@email.com',1,SYSDATETIME(),SYSDATETIME(),'carloswagner','carloswagner')
INSERT INTO [dbo].[Credencial] VALUES('usuario54','usuario54',Scope_identity(),1,SYSDATETIME(),SYSDATETIME(),'carloswagner','carloswagner')

INSERT INTO [dbo].[Cliente] VALUES('usuario55','usuario55@email.com',1,SYSDATETIME(),SYSDATETIME(),'carloswagner','carloswagner')
INSERT INTO [dbo].[Credencial] VALUES('usuario55','usuario55',Scope_identity(),1,SYSDATETIME(),SYSDATETIME(),'carloswagner','carloswagner')

INSERT INTO [dbo].[Cliente] VALUES('usuario56','usuario56@email.com',1,SYSDATETIME(),SYSDATETIME(),'carloswagner','carloswagner')
INSERT INTO [dbo].[Credencial] VALUES('usuario56','usuario56',Scope_identity(),1,SYSDATETIME(),SYSDATETIME(),'carloswagner','carloswagner')

INSERT INTO [dbo].[Cliente] VALUES('usuario57','usuario57@email.com',1,SYSDATETIME(),SYSDATETIME(),'carloswagner','carloswagner')
INSERT INTO [dbo].[Credencial] VALUES('usuario57','usuario57',Scope_identity(),1,SYSDATETIME(),SYSDATETIME(),'carloswagner','carloswagner')

INSERT INTO [dbo].[Cliente] VALUES('usuario58','usuario58@email.com',1,SYSDATETIME(),SYSDATETIME(),'carloswagner','carloswagner')
INSERT INTO [dbo].[Credencial] VALUES('usuario58','usuario58',Scope_identity(),1,SYSDATETIME(),SYSDATETIME(),'carloswagner','carloswagner')

INSERT INTO [dbo].[Cliente] VALUES('usuario59','usuario59@email.com',1,SYSDATETIME(),SYSDATETIME(),'carloswagner','carloswagner')
INSERT INTO [dbo].[Credencial] VALUES('usuario59','usuario59',Scope_identity(),1,SYSDATETIME(),SYSDATETIME(),'carloswagner','carloswagner')

INSERT INTO [dbo].[Cliente] VALUES('usuario60','usuario60@email.com',1,SYSDATETIME(),SYSDATETIME(),'carloswagner','carloswagner')
INSERT INTO [dbo].[Credencial] VALUES('usuario60','usuario60',Scope_identity(),1,SYSDATETIME(),SYSDATETIME(),'carloswagner','carloswagner')

INSERT INTO [dbo].[Cliente] VALUES('usuario61','usuario61@email.com',1,SYSDATETIME(),SYSDATETIME(),'carloswagner','carloswagner')
INSERT INTO [dbo].[Credencial] VALUES('usuario61','usuario61',Scope_identity(),1,SYSDATETIME(),SYSDATETIME(),'carloswagner','carloswagner')

INSERT INTO [dbo].[Cliente] VALUES('usuario62','usuario62@email.com',1,SYSDATETIME(),SYSDATETIME(),'carloswagner','carloswagner')
INSERT INTO [dbo].[Credencial] VALUES('usuario62','usuario62',Scope_identity(),1,SYSDATETIME(),SYSDATETIME(),'carloswagner','carloswagner')

INSERT INTO [dbo].[Cliente] VALUES('usuario63','usuario63@email.com',1,SYSDATETIME(),SYSDATETIME(),'carloswagner','carloswagner')
INSERT INTO [dbo].[Credencial] VALUES('usuario63','usuario63',Scope_identity(),1,SYSDATETIME(),SYSDATETIME(),'carloswagner','carloswagner')

INSERT INTO [dbo].[Cliente] VALUES('usuario64','usuario64@email.com',1,SYSDATETIME(),SYSDATETIME(),'carloswagner','carloswagner')
INSERT INTO [dbo].[Credencial] VALUES('usuario64','usuario64',Scope_identity(),1,SYSDATETIME(),SYSDATETIME(),'carloswagner','carloswagner')

INSERT INTO [dbo].[Cliente] VALUES('usuario65','usuario65@email.com',1,SYSDATETIME(),SYSDATETIME(),'carloswagner','carloswagner')
INSERT INTO [dbo].[Credencial] VALUES('usuario65','usuario65',Scope_identity(),1,SYSDATETIME(),SYSDATETIME(),'carloswagner','carloswagner')

INSERT INTO [dbo].[Cliente] VALUES('usuario66','usuario66@email.com',1,SYSDATETIME(),SYSDATETIME(),'carloswagner','carloswagner')
INSERT INTO [dbo].[Credencial] VALUES('usuario66','usuario66',Scope_identity(),1,SYSDATETIME(),SYSDATETIME(),'carloswagner','carloswagner')

INSERT INTO [dbo].[Cliente] VALUES('usuario67','usuario67@email.com',1,SYSDATETIME(),SYSDATETIME(),'carloswagner','carloswagner')
INSERT INTO [dbo].[Credencial] VALUES('usuario67','usuario67',Scope_identity(),1,SYSDATETIME(),SYSDATETIME(),'carloswagner','carloswagner')

INSERT INTO [dbo].[Cliente] VALUES('usuario68','usuario68@email.com',1,SYSDATETIME(),SYSDATETIME(),'carloswagner','carloswagner')
INSERT INTO [dbo].[Credencial] VALUES('usuario68','usuario68',Scope_identity(),1,SYSDATETIME(),SYSDATETIME(),'carloswagner','carloswagner')

INSERT INTO [dbo].[Cliente] VALUES('usuario69','usuario69@email.com',1,SYSDATETIME(),SYSDATETIME(),'carloswagner','carloswagner')
INSERT INTO [dbo].[Credencial] VALUES('usuario69','usuario69',Scope_identity(),1,SYSDATETIME(),SYSDATETIME(),'carloswagner','carloswagner')

INSERT INTO [dbo].[Cliente] VALUES('usuario70','usuario70@email.com',1,SYSDATETIME(),SYSDATETIME(),'carloswagner','carloswagner')
INSERT INTO [dbo].[Credencial] VALUES('usuario70','usuario70',Scope_identity(),1,SYSDATETIME(),SYSDATETIME(),'carloswagner','carloswagner')

INSERT INTO [dbo].[Cliente] VALUES('usuario71','usuario71@email.com',1,SYSDATETIME(),SYSDATETIME(),'carloswagner','carloswagner')
INSERT INTO [dbo].[Credencial] VALUES('usuario71','usuario71',Scope_identity(),1,SYSDATETIME(),SYSDATETIME(),'carloswagner','carloswagner')

INSERT INTO [dbo].[Cliente] VALUES('usuario72','usuario72@email.com',1,SYSDATETIME(),SYSDATETIME(),'carloswagner','carloswagner')
INSERT INTO [dbo].[Credencial] VALUES('usuario72','usuario72',Scope_identity(),1,SYSDATETIME(),SYSDATETIME(),'carloswagner','carloswagner')

INSERT INTO [dbo].[Cliente] VALUES('usuario73','usuario73@email.com',1,SYSDATETIME(),SYSDATETIME(),'carloswagner','carloswagner')
INSERT INTO [dbo].[Credencial] VALUES('usuario73','usuario73',Scope_identity(),1,SYSDATETIME(),SYSDATETIME(),'carloswagner','carloswagner')

INSERT INTO [dbo].[Cliente] VALUES('usuario74','usuario74@email.com',1,SYSDATETIME(),SYSDATETIME(),'carloswagner','carloswagner')
INSERT INTO [dbo].[Credencial] VALUES('usuario74','usuario74',Scope_identity(),1,SYSDATETIME(),SYSDATETIME(),'carloswagner','carloswagner')

INSERT INTO [dbo].[Cliente] VALUES('usuario75','usuario75@email.com',1,SYSDATETIME(),SYSDATETIME(),'carloswagner','carloswagner')
INSERT INTO [dbo].[Credencial] VALUES('usuario75','usuario75',Scope_identity(),1,SYSDATETIME(),SYSDATETIME(),'carloswagner','carloswagner')

INSERT INTO [dbo].[Cliente] VALUES('usuario76','usuario76@email.com',1,SYSDATETIME(),SYSDATETIME(),'carloswagner','carloswagner')
INSERT INTO [dbo].[Credencial] VALUES('usuario76','usuario76',Scope_identity(),1,SYSDATETIME(),SYSDATETIME(),'carloswagner','carloswagner')

INSERT INTO [dbo].[Cliente] VALUES('usuario77','usuario77@email.com',1,SYSDATETIME(),SYSDATETIME(),'carloswagner','carloswagner')
INSERT INTO [dbo].[Credencial] VALUES('usuario77','usuario77',Scope_identity(),1,SYSDATETIME(),SYSDATETIME(),'carloswagner','carloswagner')

INSERT INTO [dbo].[Cliente] VALUES('usuario78','usuario78@email.com',1,SYSDATETIME(),SYSDATETIME(),'carloswagner','carloswagner')
INSERT INTO [dbo].[Credencial] VALUES('usuario78','usuario78',Scope_identity(),1,SYSDATETIME(),SYSDATETIME(),'carloswagner','carloswagner')

INSERT INTO [dbo].[Cliente] VALUES('usuario79','usuario79@email.com',1,SYSDATETIME(),SYSDATETIME(),'carloswagner','carloswagner')
INSERT INTO [dbo].[Credencial] VALUES('usuario79','usuario79',Scope_identity(),1,SYSDATETIME(),SYSDATETIME(),'carloswagner','carloswagner')

INSERT INTO [dbo].[Cliente] VALUES('usuario80','usuario80@email.com',1,SYSDATETIME(),SYSDATETIME(),'carloswagner','carloswagner')
INSERT INTO [dbo].[Credencial] VALUES('usuario80','usuario80',Scope_identity(),1,SYSDATETIME(),SYSDATETIME(),'carloswagner','carloswagner')

INSERT INTO [dbo].[Cliente] VALUES('usuario81','usuario81@email.com',1,SYSDATETIME(),SYSDATETIME(),'carloswagner','carloswagner')
INSERT INTO [dbo].[Credencial] VALUES('usuario81','usuario81',Scope_identity(),1,SYSDATETIME(),SYSDATETIME(),'carloswagner','carloswagner')

INSERT INTO [dbo].[Cliente] VALUES('usuario82','usuario82@email.com',1,SYSDATETIME(),SYSDATETIME(),'carloswagner','carloswagner')
INSERT INTO [dbo].[Credencial] VALUES('usuario82','usuario82',Scope_identity(),1,SYSDATETIME(),SYSDATETIME(),'carloswagner','carloswagner')

INSERT INTO [dbo].[Cliente] VALUES('usuario83','usuario83@email.com',1,SYSDATETIME(),SYSDATETIME(),'carloswagner','carloswagner')
INSERT INTO [dbo].[Credencial] VALUES('usuario83','usuario83',Scope_identity(),1,SYSDATETIME(),SYSDATETIME(),'carloswagner','carloswagner')

INSERT INTO [dbo].[Cliente] VALUES('usuario84','usuario84@email.com',1,SYSDATETIME(),SYSDATETIME(),'carloswagner','carloswagner')
INSERT INTO [dbo].[Credencial] VALUES('usuario84','usuario84',Scope_identity(),1,SYSDATETIME(),SYSDATETIME(),'carloswagner','carloswagner')

INSERT INTO [dbo].[Cliente] VALUES('usuario85','usuario85@email.com',1,SYSDATETIME(),SYSDATETIME(),'carloswagner','carloswagner')
INSERT INTO [dbo].[Credencial] VALUES('usuario85','usuario85',Scope_identity(),1,SYSDATETIME(),SYSDATETIME(),'carloswagner','carloswagner')

INSERT INTO [dbo].[Cliente] VALUES('usuario86','usuario86@email.com',1,SYSDATETIME(),SYSDATETIME(),'carloswagner','carloswagner')
INSERT INTO [dbo].[Credencial] VALUES('usuario86','usuario86',Scope_identity(),1,SYSDATETIME(),SYSDATETIME(),'carloswagner','carloswagner')

INSERT INTO [dbo].[Cliente] VALUES('usuario87','usuario87@email.com',1,SYSDATETIME(),SYSDATETIME(),'carloswagner','carloswagner')
INSERT INTO [dbo].[Credencial] VALUES('usuario87','usuario87',Scope_identity(),1,SYSDATETIME(),SYSDATETIME(),'carloswagner','carloswagner')

INSERT INTO [dbo].[Cliente] VALUES('usuario88','usuario88@email.com',1,SYSDATETIME(),SYSDATETIME(),'carloswagner','carloswagner')
INSERT INTO [dbo].[Credencial] VALUES('usuario88','usuario88',Scope_identity(),1,SYSDATETIME(),SYSDATETIME(),'carloswagner','carloswagner')

INSERT INTO [dbo].[Cliente] VALUES('usuario89','usuario89@email.com',1,SYSDATETIME(),SYSDATETIME(),'carloswagner','carloswagner')
INSERT INTO [dbo].[Credencial] VALUES('usuario89','usuario89',Scope_identity(),1,SYSDATETIME(),SYSDATETIME(),'carloswagner','carloswagner')

INSERT INTO [dbo].[Cliente] VALUES('usuario90','usuario90@email.com',1,SYSDATETIME(),SYSDATETIME(),'carloswagner','carloswagner')
INSERT INTO [dbo].[Credencial] VALUES('usuario90','usuario90',Scope_identity(),1,SYSDATETIME(),SYSDATETIME(),'carloswagner','carloswagner')

INSERT INTO [dbo].[Cliente] VALUES('usuario91','usuario91@email.com',1,SYSDATETIME(),SYSDATETIME(),'carloswagner','carloswagner')
INSERT INTO [dbo].[Credencial] VALUES('usuario91','usuario91',Scope_identity(),1,SYSDATETIME(),SYSDATETIME(),'carloswagner','carloswagner')

INSERT INTO [dbo].[Cliente] VALUES('usuario92','usuario92@email.com',1,SYSDATETIME(),SYSDATETIME(),'carloswagner','carloswagner')
INSERT INTO [dbo].[Credencial] VALUES('usuario92','usuario92',Scope_identity(),1,SYSDATETIME(),SYSDATETIME(),'carloswagner','carloswagner')

INSERT INTO [dbo].[Cliente] VALUES('usuario93','usuario93@email.com',1,SYSDATETIME(),SYSDATETIME(),'carloswagner','carloswagner')
INSERT INTO [dbo].[Credencial] VALUES('usuario93','usuario93',Scope_identity(),1,SYSDATETIME(),SYSDATETIME(),'carloswagner','carloswagner')

INSERT INTO [dbo].[Cliente] VALUES('usuario94','usuario94@email.com',1,SYSDATETIME(),SYSDATETIME(),'carloswagner','carloswagner')
INSERT INTO [dbo].[Credencial] VALUES('usuario94','usuario94',Scope_identity(),1,SYSDATETIME(),SYSDATETIME(),'carloswagner','carloswagner')

INSERT INTO [dbo].[Cliente] VALUES('usuario95','usuario95@email.com',1,SYSDATETIME(),SYSDATETIME(),'carloswagner','carloswagner')
INSERT INTO [dbo].[Credencial] VALUES('usuario95','usuario95',Scope_identity(),1,SYSDATETIME(),SYSDATETIME(),'carloswagner','carloswagner')

INSERT INTO [dbo].[Cliente] VALUES('usuario96','usuario96@email.com',1,SYSDATETIME(),SYSDATETIME(),'carloswagner','carloswagner')
INSERT INTO [dbo].[Credencial] VALUES('usuario96','usuario96',Scope_identity(),1,SYSDATETIME(),SYSDATETIME(),'carloswagner','carloswagner')

INSERT INTO [dbo].[Cliente] VALUES('usuario97','usuario97@email.com',1,SYSDATETIME(),SYSDATETIME(),'carloswagner','carloswagner')
INSERT INTO [dbo].[Credencial] VALUES('usuario97','usuario97',Scope_identity(),1,SYSDATETIME(),SYSDATETIME(),'carloswagner','carloswagner')

INSERT INTO [dbo].[Cliente] VALUES('usuario98','usuario98@email.com',1,SYSDATETIME(),SYSDATETIME(),'carloswagner','carloswagner')
INSERT INTO [dbo].[Credencial] VALUES('usuario98','usuario98',Scope_identity(),1,SYSDATETIME(),SYSDATETIME(),'carloswagner','carloswagner')

INSERT INTO [dbo].[Cliente] VALUES('usuario99','usuario99@email.com',1,SYSDATETIME(),SYSDATETIME(),'carloswagner','carloswagner')
INSERT INTO [dbo].[Credencial] VALUES('usuario99','usuario99',Scope_identity(),1,SYSDATETIME(),SYSDATETIME(),'carloswagner','carloswagner')

INSERT INTO [dbo].[Cliente] VALUES('usuario100','usuario100@email.com',1,SYSDATETIME(),SYSDATETIME(),'carloswagner','carloswagner')
INSERT INTO [dbo].[Credencial] VALUES('usuario100','usuario100',Scope_identity(),1,SYSDATETIME(),SYSDATETIME(),'carloswagner','carloswagner')


--inserts ASSINATURA

 INSERT INTO [dbo].[Assinatura] VALUES(1,2,SYSDATETIME(),1,SYSDATETIME(),SYSDATETIME(),'carloswagner','carloswagner')
 INSERT INTO [dbo].[Assinatura] VALUES(1,3,SYSDATETIME(),1,SYSDATETIME(),SYSDATETIME(),'carloswagner','carloswagner')
 INSERT INTO [dbo].[Assinatura] VALUES(1,4,SYSDATETIME(),1,SYSDATETIME(),SYSDATETIME(),'carloswagner','carloswagner')
 INSERT INTO [dbo].[Assinatura] VALUES(1,5,SYSDATETIME(),1,SYSDATETIME(),SYSDATETIME(),'carloswagner','carloswagner')
 INSERT INTO [dbo].[Assinatura] VALUES(1,6,SYSDATETIME(),1,SYSDATETIME(),SYSDATETIME(),'carloswagner','carloswagner')
 INSERT INTO [dbo].[Assinatura] VALUES(1,7,SYSDATETIME(),1,SYSDATETIME(),SYSDATETIME(),'carloswagner','carloswagner')
 INSERT INTO [dbo].[Assinatura] VALUES(1,8,SYSDATETIME(),1,SYSDATETIME(),SYSDATETIME(),'carloswagner','carloswagner')
 INSERT INTO [dbo].[Assinatura] VALUES(1,9,SYSDATETIME(),1,SYSDATETIME(),SYSDATETIME(),'carloswagner','carloswagner')
 INSERT INTO [dbo].[Assinatura] VALUES(1,10,SYSDATETIME(),1,SYSDATETIME(),SYSDATETIME(),'carloswagner','carloswagner')
 INSERT INTO [dbo].[Assinatura] VALUES(1,11,SYSDATETIME(),1,SYSDATETIME(),SYSDATETIME(),'carloswagner','carloswagner')
 INSERT INTO [dbo].[Assinatura] VALUES(1,12,SYSDATETIME(),1,SYSDATETIME(),SYSDATETIME(),'carloswagner','carloswagner')
 INSERT INTO [dbo].[Assinatura] VALUES(1,13,SYSDATETIME(),1,SYSDATETIME(),SYSDATETIME(),'carloswagner','carloswagner')
 INSERT INTO [dbo].[Assinatura] VALUES(1,14,SYSDATETIME(),1,SYSDATETIME(),SYSDATETIME(),'carloswagner','carloswagner')
 INSERT INTO [dbo].[Assinatura] VALUES(1,15,SYSDATETIME(),1,SYSDATETIME(),SYSDATETIME(),'carloswagner','carloswagner')
 INSERT INTO [dbo].[Assinatura] VALUES(1,16,SYSDATETIME(),1,SYSDATETIME(),SYSDATETIME(),'carloswagner','carloswagner')
 INSERT INTO [dbo].[Assinatura] VALUES(1,17,SYSDATETIME(),1,SYSDATETIME(),SYSDATETIME(),'carloswagner','carloswagner')
 INSERT INTO [dbo].[Assinatura] VALUES(1,18,SYSDATETIME(),1,SYSDATETIME(),SYSDATETIME(),'carloswagner','carloswagner')
 INSERT INTO [dbo].[Assinatura] VALUES(1,19,SYSDATETIME(),1,SYSDATETIME(),SYSDATETIME(),'carloswagner','carloswagner')
 INSERT INTO [dbo].[Assinatura] VALUES(1,20,SYSDATETIME(),1,SYSDATETIME(),SYSDATETIME(),'carloswagner','carloswagner')
 INSERT INTO [dbo].[Assinatura] VALUES(1,21,SYSDATETIME(),1,SYSDATETIME(),SYSDATETIME(),'carloswagner','carloswagner')
 INSERT INTO [dbo].[Assinatura] VALUES(1,22,SYSDATETIME(),1,SYSDATETIME(),SYSDATETIME(),'carloswagner','carloswagner')
 INSERT INTO [dbo].[Assinatura] VALUES(1,23,SYSDATETIME(),1,SYSDATETIME(),SYSDATETIME(),'carloswagner','carloswagner')
 INSERT INTO [dbo].[Assinatura] VALUES(1,24,SYSDATETIME(),1,SYSDATETIME(),SYSDATETIME(),'carloswagner','carloswagner')
 INSERT INTO [dbo].[Assinatura] VALUES(1,25,SYSDATETIME(),1,SYSDATETIME(),SYSDATETIME(),'carloswagner','carloswagner')
 INSERT INTO [dbo].[Assinatura] VALUES(1,26,SYSDATETIME(),1,SYSDATETIME(),SYSDATETIME(),'carloswagner','carloswagner')
 INSERT INTO [dbo].[Assinatura] VALUES(1,27,SYSDATETIME(),1,SYSDATETIME(),SYSDATETIME(),'carloswagner','carloswagner')
 INSERT INTO [dbo].[Assinatura] VALUES(1,28,SYSDATETIME(),1,SYSDATETIME(),SYSDATETIME(),'carloswagner','carloswagner')
 INSERT INTO [dbo].[Assinatura] VALUES(1,29,SYSDATETIME(),1,SYSDATETIME(),SYSDATETIME(),'carloswagner','carloswagner')
 INSERT INTO [dbo].[Assinatura] VALUES(1,30,SYSDATETIME(),1,SYSDATETIME(),SYSDATETIME(),'carloswagner','carloswagner')
 INSERT INTO [dbo].[Assinatura] VALUES(1,31,SYSDATETIME(),1,SYSDATETIME(),SYSDATETIME(),'carloswagner','carloswagner')
 INSERT INTO [dbo].[Assinatura] VALUES(1,32,SYSDATETIME(),1,SYSDATETIME(),SYSDATETIME(),'carloswagner','carloswagner')
 INSERT INTO [dbo].[Assinatura] VALUES(1,33,SYSDATETIME(),1,SYSDATETIME(),SYSDATETIME(),'carloswagner','carloswagner')
 INSERT INTO [dbo].[Assinatura] VALUES(1,34,SYSDATETIME(),1,SYSDATETIME(),SYSDATETIME(),'carloswagner','carloswagner')
 INSERT INTO [dbo].[Assinatura] VALUES(2,35,SYSDATETIME(),1,SYSDATETIME(),SYSDATETIME(),'carloswagner','carloswagner')
 INSERT INTO [dbo].[Assinatura] VALUES(2,36,SYSDATETIME(),1,SYSDATETIME(),SYSDATETIME(),'carloswagner','carloswagner')
 INSERT INTO [dbo].[Assinatura] VALUES(2,37,SYSDATETIME(),1,SYSDATETIME(),SYSDATETIME(),'carloswagner','carloswagner')
 INSERT INTO [dbo].[Assinatura] VALUES(2,38,SYSDATETIME(),1,SYSDATETIME(),SYSDATETIME(),'carloswagner','carloswagner')
 INSERT INTO [dbo].[Assinatura] VALUES(2,39,SYSDATETIME(),1,SYSDATETIME(),SYSDATETIME(),'carloswagner','carloswagner')
 INSERT INTO [dbo].[Assinatura] VALUES(2,40,SYSDATETIME(),1,SYSDATETIME(),SYSDATETIME(),'carloswagner','carloswagner')
 INSERT INTO [dbo].[Assinatura] VALUES(2,41,SYSDATETIME(),1,SYSDATETIME(),SYSDATETIME(),'carloswagner','carloswagner')
 INSERT INTO [dbo].[Assinatura] VALUES(2,42,SYSDATETIME(),1,SYSDATETIME(),SYSDATETIME(),'carloswagner','carloswagner')
 INSERT INTO [dbo].[Assinatura] VALUES(2,43,SYSDATETIME(),1,SYSDATETIME(),SYSDATETIME(),'carloswagner','carloswagner')
 INSERT INTO [dbo].[Assinatura] VALUES(2,44,SYSDATETIME(),1,SYSDATETIME(),SYSDATETIME(),'carloswagner','carloswagner')
 INSERT INTO [dbo].[Assinatura] VALUES(2,45,SYSDATETIME(),1,SYSDATETIME(),SYSDATETIME(),'carloswagner','carloswagner')
 INSERT INTO [dbo].[Assinatura] VALUES(2,46,SYSDATETIME(),1,SYSDATETIME(),SYSDATETIME(),'carloswagner','carloswagner')
 INSERT INTO [dbo].[Assinatura] VALUES(2,47,SYSDATETIME(),1,SYSDATETIME(),SYSDATETIME(),'carloswagner','carloswagner')
 INSERT INTO [dbo].[Assinatura] VALUES(2,48,SYSDATETIME(),1,SYSDATETIME(),SYSDATETIME(),'carloswagner','carloswagner')
 INSERT INTO [dbo].[Assinatura] VALUES(2,49,SYSDATETIME(),1,SYSDATETIME(),SYSDATETIME(),'carloswagner','carloswagner')
 INSERT INTO [dbo].[Assinatura] VALUES(2,50,SYSDATETIME(),1,SYSDATETIME(),SYSDATETIME(),'carloswagner','carloswagner')
 INSERT INTO [dbo].[Assinatura] VALUES(2,51,SYSDATETIME(),1,SYSDATETIME(),SYSDATETIME(),'carloswagner','carloswagner')
 INSERT INTO [dbo].[Assinatura] VALUES(2,52,SYSDATETIME(),1,SYSDATETIME(),SYSDATETIME(),'carloswagner','carloswagner')
 INSERT INTO [dbo].[Assinatura] VALUES(2,53,SYSDATETIME(),1,SYSDATETIME(),SYSDATETIME(),'carloswagner','carloswagner')
 INSERT INTO [dbo].[Assinatura] VALUES(2,54,SYSDATETIME(),1,SYSDATETIME(),SYSDATETIME(),'carloswagner','carloswagner')
 INSERT INTO [dbo].[Assinatura] VALUES(2,55,SYSDATETIME(),1,SYSDATETIME(),SYSDATETIME(),'carloswagner','carloswagner')
 INSERT INTO [dbo].[Assinatura] VALUES(2,56,SYSDATETIME(),1,SYSDATETIME(),SYSDATETIME(),'carloswagner','carloswagner')
 INSERT INTO [dbo].[Assinatura] VALUES(2,57,SYSDATETIME(),1,SYSDATETIME(),SYSDATETIME(),'carloswagner','carloswagner')
 INSERT INTO [dbo].[Assinatura] VALUES(2,58,SYSDATETIME(),1,SYSDATETIME(),SYSDATETIME(),'carloswagner','carloswagner')
 INSERT INTO [dbo].[Assinatura] VALUES(2,59,SYSDATETIME(),1,SYSDATETIME(),SYSDATETIME(),'carloswagner','carloswagner')
 INSERT INTO [dbo].[Assinatura] VALUES(2,60,SYSDATETIME(),1,SYSDATETIME(),SYSDATETIME(),'carloswagner','carloswagner')
 INSERT INTO [dbo].[Assinatura] VALUES(2,61,SYSDATETIME(),1,SYSDATETIME(),SYSDATETIME(),'carloswagner','carloswagner')
 INSERT INTO [dbo].[Assinatura] VALUES(2,62,SYSDATETIME(),1,SYSDATETIME(),SYSDATETIME(),'carloswagner','carloswagner')
 INSERT INTO [dbo].[Assinatura] VALUES(2,63,SYSDATETIME(),1,SYSDATETIME(),SYSDATETIME(),'carloswagner','carloswagner')
 INSERT INTO [dbo].[Assinatura] VALUES(2,64,SYSDATETIME(),1,SYSDATETIME(),SYSDATETIME(),'carloswagner','carloswagner')
 INSERT INTO [dbo].[Assinatura] VALUES(2,65,SYSDATETIME(),1,SYSDATETIME(),SYSDATETIME(),'carloswagner','carloswagner')
 INSERT INTO [dbo].[Assinatura] VALUES(2,66,SYSDATETIME(),1,SYSDATETIME(),SYSDATETIME(),'carloswagner','carloswagner')
 INSERT INTO [dbo].[Assinatura] VALUES(2,67,SYSDATETIME(),1,SYSDATETIME(),SYSDATETIME(),'carloswagner','carloswagner')
 INSERT INTO [dbo].[Assinatura] VALUES(3,68,SYSDATETIME(),1,SYSDATETIME(),SYSDATETIME(),'carloswagner','carloswagner')
 INSERT INTO [dbo].[Assinatura] VALUES(3,69,SYSDATETIME(),1,SYSDATETIME(),SYSDATETIME(),'carloswagner','carloswagner')
 INSERT INTO [dbo].[Assinatura] VALUES(3,70,SYSDATETIME(),1,SYSDATETIME(),SYSDATETIME(),'carloswagner','carloswagner')
 INSERT INTO [dbo].[Assinatura] VALUES(3,71,SYSDATETIME(),1,SYSDATETIME(),SYSDATETIME(),'carloswagner','carloswagner')
 INSERT INTO [dbo].[Assinatura] VALUES(3,72,SYSDATETIME(),1,SYSDATETIME(),SYSDATETIME(),'carloswagner','carloswagner')
 INSERT INTO [dbo].[Assinatura] VALUES(3,73,SYSDATETIME(),1,SYSDATETIME(),SYSDATETIME(),'carloswagner','carloswagner')
 INSERT INTO [dbo].[Assinatura] VALUES(3,74,SYSDATETIME(),1,SYSDATETIME(),SYSDATETIME(),'carloswagner','carloswagner')
 INSERT INTO [dbo].[Assinatura] VALUES(3,75,SYSDATETIME(),1,SYSDATETIME(),SYSDATETIME(),'carloswagner','carloswagner')
 INSERT INTO [dbo].[Assinatura] VALUES(3,76,SYSDATETIME(),1,SYSDATETIME(),SYSDATETIME(),'carloswagner','carloswagner')
 INSERT INTO [dbo].[Assinatura] VALUES(3,77,SYSDATETIME(),1,SYSDATETIME(),SYSDATETIME(),'carloswagner','carloswagner')
 INSERT INTO [dbo].[Assinatura] VALUES(3,78,SYSDATETIME(),1,SYSDATETIME(),SYSDATETIME(),'carloswagner','carloswagner')
 INSERT INTO [dbo].[Assinatura] VALUES(3,79,SYSDATETIME(),1,SYSDATETIME(),SYSDATETIME(),'carloswagner','carloswagner')
 INSERT INTO [dbo].[Assinatura] VALUES(3,80,SYSDATETIME(),1,SYSDATETIME(),SYSDATETIME(),'carloswagner','carloswagner')
 INSERT INTO [dbo].[Assinatura] VALUES(3,81,SYSDATETIME(),1,SYSDATETIME(),SYSDATETIME(),'carloswagner','carloswagner')
 INSERT INTO [dbo].[Assinatura] VALUES(3,82,SYSDATETIME(),1,SYSDATETIME(),SYSDATETIME(),'carloswagner','carloswagner')
 INSERT INTO [dbo].[Assinatura] VALUES(3,83,SYSDATETIME(),1,SYSDATETIME(),SYSDATETIME(),'carloswagner','carloswagner')
 INSERT INTO [dbo].[Assinatura] VALUES(3,84,SYSDATETIME(),1,SYSDATETIME(),SYSDATETIME(),'carloswagner','carloswagner')
 INSERT INTO [dbo].[Assinatura] VALUES(3,85,SYSDATETIME(),1,SYSDATETIME(),SYSDATETIME(),'carloswagner','carloswagner')
 INSERT INTO [dbo].[Assinatura] VALUES(3,86,SYSDATETIME(),1,SYSDATETIME(),SYSDATETIME(),'carloswagner','carloswagner')
 INSERT INTO [dbo].[Assinatura] VALUES(3,87,SYSDATETIME(),1,SYSDATETIME(),SYSDATETIME(),'carloswagner','carloswagner')
 INSERT INTO [dbo].[Assinatura] VALUES(3,88,SYSDATETIME(),1,SYSDATETIME(),SYSDATETIME(),'carloswagner','carloswagner')
 INSERT INTO [dbo].[Assinatura] VALUES(3,89,SYSDATETIME(),1,SYSDATETIME(),SYSDATETIME(),'carloswagner','carloswagner')
 INSERT INTO [dbo].[Assinatura] VALUES(3,90,SYSDATETIME(),1,SYSDATETIME(),SYSDATETIME(),'carloswagner','carloswagner')
 INSERT INTO [dbo].[Assinatura] VALUES(3,91,SYSDATETIME(),1,SYSDATETIME(),SYSDATETIME(),'carloswagner','carloswagner')
 INSERT INTO [dbo].[Assinatura] VALUES(3,92,SYSDATETIME(),1,SYSDATETIME(),SYSDATETIME(),'carloswagner','carloswagner')
 INSERT INTO [dbo].[Assinatura] VALUES(3,93,SYSDATETIME(),1,SYSDATETIME(),SYSDATETIME(),'carloswagner','carloswagner')
 INSERT INTO [dbo].[Assinatura] VALUES(3,94,SYSDATETIME(),1,SYSDATETIME(),SYSDATETIME(),'carloswagner','carloswagner')
 INSERT INTO [dbo].[Assinatura] VALUES(3,95,SYSDATETIME(),1,SYSDATETIME(),SYSDATETIME(),'carloswagner','carloswagner')
 INSERT INTO [dbo].[Assinatura] VALUES(3,96,SYSDATETIME(),1,SYSDATETIME(),SYSDATETIME(),'carloswagner','carloswagner')
 INSERT INTO [dbo].[Assinatura] VALUES(3,97,SYSDATETIME(),1,SYSDATETIME(),SYSDATETIME(),'carloswagner','carloswagner')
 INSERT INTO [dbo].[Assinatura] VALUES(3,98,SYSDATETIME(),1,SYSDATETIME(),SYSDATETIME(),'carloswagner','carloswagner')
 INSERT INTO [dbo].[Assinatura] VALUES(3,99,SYSDATETIME(),1,SYSDATETIME(),SYSDATETIME(),'carloswagner','carloswagner')
 INSERT INTO [dbo].[Assinatura] VALUES(3,100,SYSDATETIME(),1,SYSDATETIME(),SYSDATETIME(),'carloswagner','carloswagner')
 
 
--INSERTS CREDENCIAIS_PERFIS
INSERT INTO [dbo].[Credenciais_Perfis]VALUES(2,6,'Cliente',1,SYSDATETIME(),SYSDATETIME(),'carloswagner','carloswagner')
INSERT INTO [dbo].[Credenciais_Perfis]VALUES(3,6,'Cliente',1,SYSDATETIME(),SYSDATETIME(),'carloswagner','carloswagner')
INSERT INTO [dbo].[Credenciais_Perfis]VALUES(4,6,'Cliente',1,SYSDATETIME(),SYSDATETIME(),'carloswagner','carloswagner')
INSERT INTO [dbo].[Credenciais_Perfis]VALUES(5,6,'Cliente',1,SYSDATETIME(),SYSDATETIME(),'carloswagner','carloswagner')
INSERT INTO [dbo].[Credenciais_Perfis]VALUES(6,6,'Cliente',1,SYSDATETIME(),SYSDATETIME(),'carloswagner','carloswagner')
INSERT INTO [dbo].[Credenciais_Perfis]VALUES(7,6,'Cliente',1,SYSDATETIME(),SYSDATETIME(),'carloswagner','carloswagner')
INSERT INTO [dbo].[Credenciais_Perfis]VALUES(8,6,'Cliente',1,SYSDATETIME(),SYSDATETIME(),'carloswagner','carloswagner')
INSERT INTO [dbo].[Credenciais_Perfis]VALUES(9,6,'Cliente',1,SYSDATETIME(),SYSDATETIME(),'carloswagner','carloswagner')
INSERT INTO [dbo].[Credenciais_Perfis]VALUES(10,6,'Cliente',1,SYSDATETIME(),SYSDATETIME(),'carloswagner','carloswagner')
INSERT INTO [dbo].[Credenciais_Perfis]VALUES(11,6,'Cliente',1,SYSDATETIME(),SYSDATETIME(),'carloswagner','carloswagner')
INSERT INTO [dbo].[Credenciais_Perfis]VALUES(12,6,'Cliente',1,SYSDATETIME(),SYSDATETIME(),'carloswagner','carloswagner')
INSERT INTO [dbo].[Credenciais_Perfis]VALUES(13,6,'Cliente',1,SYSDATETIME(),SYSDATETIME(),'carloswagner','carloswagner')
INSERT INTO [dbo].[Credenciais_Perfis]VALUES(14,6,'Cliente',1,SYSDATETIME(),SYSDATETIME(),'carloswagner','carloswagner')
INSERT INTO [dbo].[Credenciais_Perfis]VALUES(15,6,'Cliente',1,SYSDATETIME(),SYSDATETIME(),'carloswagner','carloswagner')
INSERT INTO [dbo].[Credenciais_Perfis]VALUES(16,6,'Cliente',1,SYSDATETIME(),SYSDATETIME(),'carloswagner','carloswagner')
INSERT INTO [dbo].[Credenciais_Perfis]VALUES(17,6,'Cliente',1,SYSDATETIME(),SYSDATETIME(),'carloswagner','carloswagner')
INSERT INTO [dbo].[Credenciais_Perfis]VALUES(18,6,'Cliente',1,SYSDATETIME(),SYSDATETIME(),'carloswagner','carloswagner')
INSERT INTO [dbo].[Credenciais_Perfis]VALUES(19,6,'Cliente',1,SYSDATETIME(),SYSDATETIME(),'carloswagner','carloswagner')
INSERT INTO [dbo].[Credenciais_Perfis]VALUES(20,6,'Cliente',1,SYSDATETIME(),SYSDATETIME(),'carloswagner','carloswagner')
INSERT INTO [dbo].[Credenciais_Perfis]VALUES(21,6,'Cliente',1,SYSDATETIME(),SYSDATETIME(),'carloswagner','carloswagner')
INSERT INTO [dbo].[Credenciais_Perfis]VALUES(22,6,'Cliente',1,SYSDATETIME(),SYSDATETIME(),'carloswagner','carloswagner')
INSERT INTO [dbo].[Credenciais_Perfis]VALUES(23,6,'Cliente',1,SYSDATETIME(),SYSDATETIME(),'carloswagner','carloswagner')
INSERT INTO [dbo].[Credenciais_Perfis]VALUES(24,6,'Cliente',1,SYSDATETIME(),SYSDATETIME(),'carloswagner','carloswagner')
INSERT INTO [dbo].[Credenciais_Perfis]VALUES(25,6,'Cliente',1,SYSDATETIME(),SYSDATETIME(),'carloswagner','carloswagner')
INSERT INTO [dbo].[Credenciais_Perfis]VALUES(26,6,'Cliente',1,SYSDATETIME(),SYSDATETIME(),'carloswagner','carloswagner')
INSERT INTO [dbo].[Credenciais_Perfis]VALUES(27,6,'Cliente',1,SYSDATETIME(),SYSDATETIME(),'carloswagner','carloswagner')
INSERT INTO [dbo].[Credenciais_Perfis]VALUES(28,6,'Cliente',1,SYSDATETIME(),SYSDATETIME(),'carloswagner','carloswagner')
INSERT INTO [dbo].[Credenciais_Perfis]VALUES(29,6,'Cliente',1,SYSDATETIME(),SYSDATETIME(),'carloswagner','carloswagner')
INSERT INTO [dbo].[Credenciais_Perfis]VALUES(30,6,'Cliente',1,SYSDATETIME(),SYSDATETIME(),'carloswagner','carloswagner')
INSERT INTO [dbo].[Credenciais_Perfis]VALUES(31,6,'Cliente',1,SYSDATETIME(),SYSDATETIME(),'carloswagner','carloswagner')
INSERT INTO [dbo].[Credenciais_Perfis]VALUES(32,6,'Cliente',1,SYSDATETIME(),SYSDATETIME(),'carloswagner','carloswagner')
INSERT INTO [dbo].[Credenciais_Perfis]VALUES(33,6,'Cliente',1,SYSDATETIME(),SYSDATETIME(),'carloswagner','carloswagner')
INSERT INTO [dbo].[Credenciais_Perfis]VALUES(34,5,'Cliente',1,SYSDATETIME(),SYSDATETIME(),'carloswagner','carloswagner')
INSERT INTO [dbo].[Credenciais_Perfis]VALUES(35,5,'Cliente',1,SYSDATETIME(),SYSDATETIME(),'carloswagner','carloswagner')
INSERT INTO [dbo].[Credenciais_Perfis]VALUES(36,5,'Cliente',1,SYSDATETIME(),SYSDATETIME(),'carloswagner','carloswagner')
INSERT INTO [dbo].[Credenciais_Perfis]VALUES(37,5,'Cliente',1,SYSDATETIME(),SYSDATETIME(),'carloswagner','carloswagner')
INSERT INTO [dbo].[Credenciais_Perfis]VALUES(38,5,'Cliente',1,SYSDATETIME(),SYSDATETIME(),'carloswagner','carloswagner')
INSERT INTO [dbo].[Credenciais_Perfis]VALUES(39,5,'Cliente',1,SYSDATETIME(),SYSDATETIME(),'carloswagner','carloswagner')
INSERT INTO [dbo].[Credenciais_Perfis]VALUES(40,5,'Cliente',1,SYSDATETIME(),SYSDATETIME(),'carloswagner','carloswagner')
INSERT INTO [dbo].[Credenciais_Perfis]VALUES(41,5,'Cliente',1,SYSDATETIME(),SYSDATETIME(),'carloswagner','carloswagner')
INSERT INTO [dbo].[Credenciais_Perfis]VALUES(42,5,'Cliente',1,SYSDATETIME(),SYSDATETIME(),'carloswagner','carloswagner')
INSERT INTO [dbo].[Credenciais_Perfis]VALUES(43,5,'Cliente',1,SYSDATETIME(),SYSDATETIME(),'carloswagner','carloswagner')
INSERT INTO [dbo].[Credenciais_Perfis]VALUES(44,5,'Cliente',1,SYSDATETIME(),SYSDATETIME(),'carloswagner','carloswagner')
INSERT INTO [dbo].[Credenciais_Perfis]VALUES(45,5,'Cliente',1,SYSDATETIME(),SYSDATETIME(),'carloswagner','carloswagner')
INSERT INTO [dbo].[Credenciais_Perfis]VALUES(46,5,'Cliente',1,SYSDATETIME(),SYSDATETIME(),'carloswagner','carloswagner')
INSERT INTO [dbo].[Credenciais_Perfis]VALUES(47,5,'Cliente',1,SYSDATETIME(),SYSDATETIME(),'carloswagner','carloswagner')
INSERT INTO [dbo].[Credenciais_Perfis]VALUES(48,5,'Cliente',1,SYSDATETIME(),SYSDATETIME(),'carloswagner','carloswagner')
INSERT INTO [dbo].[Credenciais_Perfis]VALUES(49,5,'Cliente',1,SYSDATETIME(),SYSDATETIME(),'carloswagner','carloswagner')
INSERT INTO [dbo].[Credenciais_Perfis]VALUES(50,5,'Cliente',1,SYSDATETIME(),SYSDATETIME(),'carloswagner','carloswagner')
INSERT INTO [dbo].[Credenciais_Perfis]VALUES(51,5,'Cliente',1,SYSDATETIME(),SYSDATETIME(),'carloswagner','carloswagner')
INSERT INTO [dbo].[Credenciais_Perfis]VALUES(52,5,'Cliente',1,SYSDATETIME(),SYSDATETIME(),'carloswagner','carloswagner')
INSERT INTO [dbo].[Credenciais_Perfis]VALUES(53,5,'Cliente',1,SYSDATETIME(),SYSDATETIME(),'carloswagner','carloswagner')
INSERT INTO [dbo].[Credenciais_Perfis]VALUES(54,5,'Cliente',1,SYSDATETIME(),SYSDATETIME(),'carloswagner','carloswagner')
INSERT INTO [dbo].[Credenciais_Perfis]VALUES(55,5,'Cliente',1,SYSDATETIME(),SYSDATETIME(),'carloswagner','carloswagner')
INSERT INTO [dbo].[Credenciais_Perfis]VALUES(56,5,'Cliente',1,SYSDATETIME(),SYSDATETIME(),'carloswagner','carloswagner')
INSERT INTO [dbo].[Credenciais_Perfis]VALUES(57,5,'Cliente',1,SYSDATETIME(),SYSDATETIME(),'carloswagner','carloswagner')
INSERT INTO [dbo].[Credenciais_Perfis]VALUES(58,5,'Cliente',1,SYSDATETIME(),SYSDATETIME(),'carloswagner','carloswagner')
INSERT INTO [dbo].[Credenciais_Perfis]VALUES(59,5,'Cliente',1,SYSDATETIME(),SYSDATETIME(),'carloswagner','carloswagner')
INSERT INTO [dbo].[Credenciais_Perfis]VALUES(60,5,'Cliente',1,SYSDATETIME(),SYSDATETIME(),'carloswagner','carloswagner')
INSERT INTO [dbo].[Credenciais_Perfis]VALUES(61,5,'Cliente',1,SYSDATETIME(),SYSDATETIME(),'carloswagner','carloswagner')
INSERT INTO [dbo].[Credenciais_Perfis]VALUES(62,5,'Cliente',1,SYSDATETIME(),SYSDATETIME(),'carloswagner','carloswagner')
INSERT INTO [dbo].[Credenciais_Perfis]VALUES(63,5,'Cliente',1,SYSDATETIME(),SYSDATETIME(),'carloswagner','carloswagner')
INSERT INTO [dbo].[Credenciais_Perfis]VALUES(64,5,'Cliente',1,SYSDATETIME(),SYSDATETIME(),'carloswagner','carloswagner')
INSERT INTO [dbo].[Credenciais_Perfis]VALUES(65,5,'Cliente',1,SYSDATETIME(),SYSDATETIME(),'carloswagner','carloswagner')
INSERT INTO [dbo].[Credenciais_Perfis]VALUES(66,5,'Cliente',1,SYSDATETIME(),SYSDATETIME(),'carloswagner','carloswagner')
INSERT INTO [dbo].[Credenciais_Perfis]VALUES(67,4,'Cliente',1,SYSDATETIME(),SYSDATETIME(),'carloswagner','carloswagner')
INSERT INTO [dbo].[Credenciais_Perfis]VALUES(68,4,'Cliente',1,SYSDATETIME(),SYSDATETIME(),'carloswagner','carloswagner')
INSERT INTO [dbo].[Credenciais_Perfis]VALUES(69,4,'Cliente',1,SYSDATETIME(),SYSDATETIME(),'carloswagner','carloswagner')
INSERT INTO [dbo].[Credenciais_Perfis]VALUES(70,4,'Cliente',1,SYSDATETIME(),SYSDATETIME(),'carloswagner','carloswagner')
INSERT INTO [dbo].[Credenciais_Perfis]VALUES(71,4,'Cliente',1,SYSDATETIME(),SYSDATETIME(),'carloswagner','carloswagner')
INSERT INTO [dbo].[Credenciais_Perfis]VALUES(72,4,'Cliente',1,SYSDATETIME(),SYSDATETIME(),'carloswagner','carloswagner')
INSERT INTO [dbo].[Credenciais_Perfis]VALUES(73,4,'Cliente',1,SYSDATETIME(),SYSDATETIME(),'carloswagner','carloswagner')
INSERT INTO [dbo].[Credenciais_Perfis]VALUES(74,4,'Cliente',1,SYSDATETIME(),SYSDATETIME(),'carloswagner','carloswagner')
INSERT INTO [dbo].[Credenciais_Perfis]VALUES(75,4,'Cliente',1,SYSDATETIME(),SYSDATETIME(),'carloswagner','carloswagner')
INSERT INTO [dbo].[Credenciais_Perfis]VALUES(76,4,'Cliente',1,SYSDATETIME(),SYSDATETIME(),'carloswagner','carloswagner')
INSERT INTO [dbo].[Credenciais_Perfis]VALUES(77,4,'Cliente',1,SYSDATETIME(),SYSDATETIME(),'carloswagner','carloswagner')
INSERT INTO [dbo].[Credenciais_Perfis]VALUES(78,4,'Cliente',1,SYSDATETIME(),SYSDATETIME(),'carloswagner','carloswagner')
INSERT INTO [dbo].[Credenciais_Perfis]VALUES(79,4,'Cliente',1,SYSDATETIME(),SYSDATETIME(),'carloswagner','carloswagner')
INSERT INTO [dbo].[Credenciais_Perfis]VALUES(80,4,'Cliente',1,SYSDATETIME(),SYSDATETIME(),'carloswagner','carloswagner')
INSERT INTO [dbo].[Credenciais_Perfis]VALUES(81,4,'Cliente',1,SYSDATETIME(),SYSDATETIME(),'carloswagner','carloswagner')
INSERT INTO [dbo].[Credenciais_Perfis]VALUES(82,4,'Cliente',1,SYSDATETIME(),SYSDATETIME(),'carloswagner','carloswagner')
INSERT INTO [dbo].[Credenciais_Perfis]VALUES(83,4,'Cliente',1,SYSDATETIME(),SYSDATETIME(),'carloswagner','carloswagner')
INSERT INTO [dbo].[Credenciais_Perfis]VALUES(84,4,'Cliente',1,SYSDATETIME(),SYSDATETIME(),'carloswagner','carloswagner')
INSERT INTO [dbo].[Credenciais_Perfis]VALUES(85,4,'Cliente',1,SYSDATETIME(),SYSDATETIME(),'carloswagner','carloswagner')
INSERT INTO [dbo].[Credenciais_Perfis]VALUES(86,4,'Cliente',1,SYSDATETIME(),SYSDATETIME(),'carloswagner','carloswagner')
INSERT INTO [dbo].[Credenciais_Perfis]VALUES(87,4,'Cliente',1,SYSDATETIME(),SYSDATETIME(),'carloswagner','carloswagner')
INSERT INTO [dbo].[Credenciais_Perfis]VALUES(88,4,'Cliente',1,SYSDATETIME(),SYSDATETIME(),'carloswagner','carloswagner')
INSERT INTO [dbo].[Credenciais_Perfis]VALUES(89,4,'Cliente',1,SYSDATETIME(),SYSDATETIME(),'carloswagner','carloswagner')
INSERT INTO [dbo].[Credenciais_Perfis]VALUES(90,4,'Cliente',1,SYSDATETIME(),SYSDATETIME(),'carloswagner','carloswagner')
INSERT INTO [dbo].[Credenciais_Perfis]VALUES(91,4,'Cliente',1,SYSDATETIME(),SYSDATETIME(),'carloswagner','carloswagner')
INSERT INTO [dbo].[Credenciais_Perfis]VALUES(92,4,'Cliente',1,SYSDATETIME(),SYSDATETIME(),'carloswagner','carloswagner')
INSERT INTO [dbo].[Credenciais_Perfis]VALUES(93,4,'Cliente',1,SYSDATETIME(),SYSDATETIME(),'carloswagner','carloswagner')
INSERT INTO [dbo].[Credenciais_Perfis]VALUES(94,4,'Cliente',1,SYSDATETIME(),SYSDATETIME(),'carloswagner','carloswagner')
INSERT INTO [dbo].[Credenciais_Perfis]VALUES(95,4,'Cliente',1,SYSDATETIME(),SYSDATETIME(),'carloswagner','carloswagner')
INSERT INTO [dbo].[Credenciais_Perfis]VALUES(96,4,'Cliente',1,SYSDATETIME(),SYSDATETIME(),'carloswagner','carloswagner')
INSERT INTO [dbo].[Credenciais_Perfis]VALUES(97,4,'Cliente',1,SYSDATETIME(),SYSDATETIME(),'carloswagner','carloswagner')
INSERT INTO [dbo].[Credenciais_Perfis]VALUES(98,4,'Cliente',1,SYSDATETIME(),SYSDATETIME(),'carloswagner','carloswagner')
INSERT INTO [dbo].[Credenciais_Perfis]VALUES(99,4,'Cliente',1,SYSDATETIME(),SYSDATETIME(),'carloswagner','carloswagner')
INSERT INTO [dbo].[Credenciais_Perfis]VALUES(100,4,'Cliente',1,SYSDATETIME(),SYSDATETIME(),'carloswagner','carloswagner')


--INSERTS CARTAO
INSERT INTO [dbo].[Cartao] VALUES ('cartaoUsuario2',2000.00,2,1,SYSDATETIME(),SYSDATETIME(),'carloswagner','carloswagner')
INSERT INTO [dbo].[Cartao] VALUES ('cartaoUsuario3',2000.00,3,1,SYSDATETIME(),SYSDATETIME(),'carloswagner','carloswagner')
INSERT INTO [dbo].[Cartao] VALUES ('cartaoUsuario4',2000.00,4,1,SYSDATETIME(),SYSDATETIME(),'carloswagner','carloswagner')
INSERT INTO [dbo].[Cartao] VALUES ('cartaoUsuario5',2000.00,5,1,SYSDATETIME(),SYSDATETIME(),'carloswagner','carloswagner')
INSERT INTO [dbo].[Cartao] VALUES ('cartaoUsuario6',2000.00,6,1,SYSDATETIME(),SYSDATETIME(),'carloswagner','carloswagner')
INSERT INTO [dbo].[Cartao] VALUES ('cartaoUsuario7',2000.00,7,1,SYSDATETIME(),SYSDATETIME(),'carloswagner','carloswagner')
INSERT INTO [dbo].[Cartao] VALUES ('cartaoUsuario8',2000.00,8,1,SYSDATETIME(),SYSDATETIME(),'carloswagner','carloswagner')
INSERT INTO [dbo].[Cartao] VALUES ('cartaoUsuario9',2000.00,9,1,SYSDATETIME(),SYSDATETIME(),'carloswagner','carloswagner')
INSERT INTO [dbo].[Cartao] VALUES ('cartaoUsuario10',2000.00,10,1,SYSDATETIME(),SYSDATETIME(),'carloswagner','carloswagner')
INSERT INTO [dbo].[Cartao] VALUES ('cartaoUsuario11',2000.00,11,1,SYSDATETIME(),SYSDATETIME(),'carloswagner','carloswagner')
INSERT INTO [dbo].[Cartao] VALUES ('cartaoUsuario12',2000.00,12,1,SYSDATETIME(),SYSDATETIME(),'carloswagner','carloswagner')
INSERT INTO [dbo].[Cartao] VALUES ('cartaoUsuario13',2000.00,13,1,SYSDATETIME(),SYSDATETIME(),'carloswagner','carloswagner')
INSERT INTO [dbo].[Cartao] VALUES ('cartaoUsuario14',2000.00,14,1,SYSDATETIME(),SYSDATETIME(),'carloswagner','carloswagner')
INSERT INTO [dbo].[Cartao] VALUES ('cartaoUsuario15',2000.00,15,1,SYSDATETIME(),SYSDATETIME(),'carloswagner','carloswagner')
INSERT INTO [dbo].[Cartao] VALUES ('cartaoUsuario16',2000.00,16,1,SYSDATETIME(),SYSDATETIME(),'carloswagner','carloswagner')
INSERT INTO [dbo].[Cartao] VALUES ('cartaoUsuario17',2000.00,17,1,SYSDATETIME(),SYSDATETIME(),'carloswagner','carloswagner')
INSERT INTO [dbo].[Cartao] VALUES ('cartaoUsuario18',2000.00,18,1,SYSDATETIME(),SYSDATETIME(),'carloswagner','carloswagner')
INSERT INTO [dbo].[Cartao] VALUES ('cartaoUsuario19',2000.00,19,1,SYSDATETIME(),SYSDATETIME(),'carloswagner','carloswagner')
INSERT INTO [dbo].[Cartao] VALUES ('cartaoUsuario20',2000.00,20,1,SYSDATETIME(),SYSDATETIME(),'carloswagner','carloswagner')
INSERT INTO [dbo].[Cartao] VALUES ('cartaoUsuario21',2000.00,21,1,SYSDATETIME(),SYSDATETIME(),'carloswagner','carloswagner')
INSERT INTO [dbo].[Cartao] VALUES ('cartaoUsuario22',2000.00,22,1,SYSDATETIME(),SYSDATETIME(),'carloswagner','carloswagner')
INSERT INTO [dbo].[Cartao] VALUES ('cartaoUsuario23',2000.00,23,1,SYSDATETIME(),SYSDATETIME(),'carloswagner','carloswagner')
INSERT INTO [dbo].[Cartao] VALUES ('cartaoUsuario24',2000.00,24,1,SYSDATETIME(),SYSDATETIME(),'carloswagner','carloswagner')
INSERT INTO [dbo].[Cartao] VALUES ('cartaoUsuario25',2000.00,25,1,SYSDATETIME(),SYSDATETIME(),'carloswagner','carloswagner')
INSERT INTO [dbo].[Cartao] VALUES ('cartaoUsuario26',2000.00,26,1,SYSDATETIME(),SYSDATETIME(),'carloswagner','carloswagner')
INSERT INTO [dbo].[Cartao] VALUES ('cartaoUsuario27',2000.00,27,1,SYSDATETIME(),SYSDATETIME(),'carloswagner','carloswagner')
INSERT INTO [dbo].[Cartao] VALUES ('cartaoUsuario28',2000.00,28,1,SYSDATETIME(),SYSDATETIME(),'carloswagner','carloswagner')
INSERT INTO [dbo].[Cartao] VALUES ('cartaoUsuario29',2000.00,29,1,SYSDATETIME(),SYSDATETIME(),'carloswagner','carloswagner')
INSERT INTO [dbo].[Cartao] VALUES ('cartaoUsuario30',2000.00,30,1,SYSDATETIME(),SYSDATETIME(),'carloswagner','carloswagner')
INSERT INTO [dbo].[Cartao] VALUES ('cartaoUsuario31',2000.00,31,1,SYSDATETIME(),SYSDATETIME(),'carloswagner','carloswagner')
INSERT INTO [dbo].[Cartao] VALUES ('cartaoUsuario32',2000.00,32,1,SYSDATETIME(),SYSDATETIME(),'carloswagner','carloswagner')
INSERT INTO [dbo].[Cartao] VALUES ('cartaoUsuario33',2000.00,33,1,SYSDATETIME(),SYSDATETIME(),'carloswagner','carloswagner')
INSERT INTO [dbo].[Cartao] VALUES ('cartaoUsuario34',2000.00,34,1,SYSDATETIME(),SYSDATETIME(),'carloswagner','carloswagner')
INSERT INTO [dbo].[Cartao] VALUES ('cartaoUsuario35',2000.00,35,1,SYSDATETIME(),SYSDATETIME(),'carloswagner','carloswagner')
INSERT INTO [dbo].[Cartao] VALUES ('cartaoUsuario36',2000.00,36,1,SYSDATETIME(),SYSDATETIME(),'carloswagner','carloswagner')
INSERT INTO [dbo].[Cartao] VALUES ('cartaoUsuario37',2000.00,37,1,SYSDATETIME(),SYSDATETIME(),'carloswagner','carloswagner')
INSERT INTO [dbo].[Cartao] VALUES ('cartaoUsuario38',2000.00,38,1,SYSDATETIME(),SYSDATETIME(),'carloswagner','carloswagner')
INSERT INTO [dbo].[Cartao] VALUES ('cartaoUsuario39',2000.00,39,1,SYSDATETIME(),SYSDATETIME(),'carloswagner','carloswagner')
INSERT INTO [dbo].[Cartao] VALUES ('cartaoUsuario40',2000.00,40,1,SYSDATETIME(),SYSDATETIME(),'carloswagner','carloswagner')
INSERT INTO [dbo].[Cartao] VALUES ('cartaoUsuario41',2000.00,41,1,SYSDATETIME(),SYSDATETIME(),'carloswagner','carloswagner')
INSERT INTO [dbo].[Cartao] VALUES ('cartaoUsuario42',2000.00,42,1,SYSDATETIME(),SYSDATETIME(),'carloswagner','carloswagner')
INSERT INTO [dbo].[Cartao] VALUES ('cartaoUsuario43',2000.00,43,1,SYSDATETIME(),SYSDATETIME(),'carloswagner','carloswagner')
INSERT INTO [dbo].[Cartao] VALUES ('cartaoUsuario44',2000.00,44,1,SYSDATETIME(),SYSDATETIME(),'carloswagner','carloswagner')
INSERT INTO [dbo].[Cartao] VALUES ('cartaoUsuario45',2000.00,45,1,SYSDATETIME(),SYSDATETIME(),'carloswagner','carloswagner')
INSERT INTO [dbo].[Cartao] VALUES ('cartaoUsuario46',2000.00,46,1,SYSDATETIME(),SYSDATETIME(),'carloswagner','carloswagner')
INSERT INTO [dbo].[Cartao] VALUES ('cartaoUsuario47',2000.00,47,1,SYSDATETIME(),SYSDATETIME(),'carloswagner','carloswagner')
INSERT INTO [dbo].[Cartao] VALUES ('cartaoUsuario48',2000.00,48,1,SYSDATETIME(),SYSDATETIME(),'carloswagner','carloswagner')
INSERT INTO [dbo].[Cartao] VALUES ('cartaoUsuario49',2000.00,49,1,SYSDATETIME(),SYSDATETIME(),'carloswagner','carloswagner')
INSERT INTO [dbo].[Cartao] VALUES ('cartaoUsuario50',2000.00,50,1,SYSDATETIME(),SYSDATETIME(),'carloswagner','carloswagner')
INSERT INTO [dbo].[Cartao] VALUES ('cartaoUsuario51',2000.00,51,1,SYSDATETIME(),SYSDATETIME(),'carloswagner','carloswagner')
INSERT INTO [dbo].[Cartao] VALUES ('cartaoUsuario52',2000.00,52,1,SYSDATETIME(),SYSDATETIME(),'carloswagner','carloswagner')
INSERT INTO [dbo].[Cartao] VALUES ('cartaoUsuario53',2000.00,53,1,SYSDATETIME(),SYSDATETIME(),'carloswagner','carloswagner')
INSERT INTO [dbo].[Cartao] VALUES ('cartaoUsuario54',2000.00,54,1,SYSDATETIME(),SYSDATETIME(),'carloswagner','carloswagner')
INSERT INTO [dbo].[Cartao] VALUES ('cartaoUsuario55',2000.00,55,1,SYSDATETIME(),SYSDATETIME(),'carloswagner','carloswagner')
INSERT INTO [dbo].[Cartao] VALUES ('cartaoUsuario56',2000.00,56,1,SYSDATETIME(),SYSDATETIME(),'carloswagner','carloswagner')
INSERT INTO [dbo].[Cartao] VALUES ('cartaoUsuario57',2000.00,57,1,SYSDATETIME(),SYSDATETIME(),'carloswagner','carloswagner')
INSERT INTO [dbo].[Cartao] VALUES ('cartaoUsuario58',2000.00,58,1,SYSDATETIME(),SYSDATETIME(),'carloswagner','carloswagner')
INSERT INTO [dbo].[Cartao] VALUES ('cartaoUsuario59',2000.00,59,1,SYSDATETIME(),SYSDATETIME(),'carloswagner','carloswagner')
INSERT INTO [dbo].[Cartao] VALUES ('cartaoUsuario60',2000.00,60,1,SYSDATETIME(),SYSDATETIME(),'carloswagner','carloswagner')
INSERT INTO [dbo].[Cartao] VALUES ('cartaoUsuario61',2000.00,61,1,SYSDATETIME(),SYSDATETIME(),'carloswagner','carloswagner')
INSERT INTO [dbo].[Cartao] VALUES ('cartaoUsuario62',2000.00,62,1,SYSDATETIME(),SYSDATETIME(),'carloswagner','carloswagner')
INSERT INTO [dbo].[Cartao] VALUES ('cartaoUsuario63',2000.00,63,1,SYSDATETIME(),SYSDATETIME(),'carloswagner','carloswagner')
INSERT INTO [dbo].[Cartao] VALUES ('cartaoUsuario64',2000.00,64,1,SYSDATETIME(),SYSDATETIME(),'carloswagner','carloswagner')
INSERT INTO [dbo].[Cartao] VALUES ('cartaoUsuario65',2000.00,65,1,SYSDATETIME(),SYSDATETIME(),'carloswagner','carloswagner')
INSERT INTO [dbo].[Cartao] VALUES ('cartaoUsuario66',2000.00,66,1,SYSDATETIME(),SYSDATETIME(),'carloswagner','carloswagner')
INSERT INTO [dbo].[Cartao] VALUES ('cartaoUsuario67',2000.00,67,1,SYSDATETIME(),SYSDATETIME(),'carloswagner','carloswagner')
INSERT INTO [dbo].[Cartao] VALUES ('cartaoUsuario68',2000.00,68,1,SYSDATETIME(),SYSDATETIME(),'carloswagner','carloswagner')
INSERT INTO [dbo].[Cartao] VALUES ('cartaoUsuario69',2000.00,69,1,SYSDATETIME(),SYSDATETIME(),'carloswagner','carloswagner')
INSERT INTO [dbo].[Cartao] VALUES ('cartaoUsuario70',2000.00,70,1,SYSDATETIME(),SYSDATETIME(),'carloswagner','carloswagner')
INSERT INTO [dbo].[Cartao] VALUES ('cartaoUsuario71',2000.00,71,1,SYSDATETIME(),SYSDATETIME(),'carloswagner','carloswagner')
INSERT INTO [dbo].[Cartao] VALUES ('cartaoUsuario72',2000.00,72,1,SYSDATETIME(),SYSDATETIME(),'carloswagner','carloswagner')
INSERT INTO [dbo].[Cartao] VALUES ('cartaoUsuario73',2000.00,73,1,SYSDATETIME(),SYSDATETIME(),'carloswagner','carloswagner')
INSERT INTO [dbo].[Cartao] VALUES ('cartaoUsuario74',2000.00,74,1,SYSDATETIME(),SYSDATETIME(),'carloswagner','carloswagner')
INSERT INTO [dbo].[Cartao] VALUES ('cartaoUsuario75',2000.00,75,1,SYSDATETIME(),SYSDATETIME(),'carloswagner','carloswagner')
INSERT INTO [dbo].[Cartao] VALUES ('cartaoUsuario76',2000.00,76,1,SYSDATETIME(),SYSDATETIME(),'carloswagner','carloswagner')
INSERT INTO [dbo].[Cartao] VALUES ('cartaoUsuario77',2000.00,77,1,SYSDATETIME(),SYSDATETIME(),'carloswagner','carloswagner')
INSERT INTO [dbo].[Cartao] VALUES ('cartaoUsuario78',2000.00,78,1,SYSDATETIME(),SYSDATETIME(),'carloswagner','carloswagner')
INSERT INTO [dbo].[Cartao] VALUES ('cartaoUsuario79',2000.00,79,1,SYSDATETIME(),SYSDATETIME(),'carloswagner','carloswagner')
INSERT INTO [dbo].[Cartao] VALUES ('cartaoUsuario80',2000.00,80,1,SYSDATETIME(),SYSDATETIME(),'carloswagner','carloswagner')
INSERT INTO [dbo].[Cartao] VALUES ('cartaoUsuario81',2000.00,81,1,SYSDATETIME(),SYSDATETIME(),'carloswagner','carloswagner')
INSERT INTO [dbo].[Cartao] VALUES ('cartaoUsuario82',2000.00,82,1,SYSDATETIME(),SYSDATETIME(),'carloswagner','carloswagner')
INSERT INTO [dbo].[Cartao] VALUES ('cartaoUsuario83',2000.00,83,1,SYSDATETIME(),SYSDATETIME(),'carloswagner','carloswagner')
INSERT INTO [dbo].[Cartao] VALUES ('cartaoUsuario84',2000.00,84,1,SYSDATETIME(),SYSDATETIME(),'carloswagner','carloswagner')
INSERT INTO [dbo].[Cartao] VALUES ('cartaoUsuario85',2000.00,85,1,SYSDATETIME(),SYSDATETIME(),'carloswagner','carloswagner')
INSERT INTO [dbo].[Cartao] VALUES ('cartaoUsuario86',2000.00,86,1,SYSDATETIME(),SYSDATETIME(),'carloswagner','carloswagner')
INSERT INTO [dbo].[Cartao] VALUES ('cartaoUsuario87',2000.00,87,1,SYSDATETIME(),SYSDATETIME(),'carloswagner','carloswagner')
INSERT INTO [dbo].[Cartao] VALUES ('cartaoUsuario88',2000.00,88,1,SYSDATETIME(),SYSDATETIME(),'carloswagner','carloswagner')
INSERT INTO [dbo].[Cartao] VALUES ('cartaoUsuario89',2000.00,89,1,SYSDATETIME(),SYSDATETIME(),'carloswagner','carloswagner')
INSERT INTO [dbo].[Cartao] VALUES ('cartaoUsuario90',2000.00,90,1,SYSDATETIME(),SYSDATETIME(),'carloswagner','carloswagner')
INSERT INTO [dbo].[Cartao] VALUES ('cartaoUsuario91',2000.00,91,1,SYSDATETIME(),SYSDATETIME(),'carloswagner','carloswagner')
INSERT INTO [dbo].[Cartao] VALUES ('cartaoUsuario92',2000.00,92,1,SYSDATETIME(),SYSDATETIME(),'carloswagner','carloswagner')
INSERT INTO [dbo].[Cartao] VALUES ('cartaoUsuario93',2000.00,93,1,SYSDATETIME(),SYSDATETIME(),'carloswagner','carloswagner')
INSERT INTO [dbo].[Cartao] VALUES ('cartaoUsuario94',2000.00,94,1,SYSDATETIME(),SYSDATETIME(),'carloswagner','carloswagner')
INSERT INTO [dbo].[Cartao] VALUES ('cartaoUsuario95',2000.00,95,1,SYSDATETIME(),SYSDATETIME(),'carloswagner','carloswagner')
INSERT INTO [dbo].[Cartao] VALUES ('cartaoUsuario96',2000.00,96,1,SYSDATETIME(),SYSDATETIME(),'carloswagner','carloswagner')
INSERT INTO [dbo].[Cartao] VALUES ('cartaoUsuario97',2000.00,97,1,SYSDATETIME(),SYSDATETIME(),'carloswagner','carloswagner')
INSERT INTO [dbo].[Cartao] VALUES ('cartaoUsuario98',2000.00,98,1,SYSDATETIME(),SYSDATETIME(),'carloswagner','carloswagner')
INSERT INTO [dbo].[Cartao] VALUES ('cartaoUsuario99',2000.00,99,1,SYSDATETIME(),SYSDATETIME(),'carloswagner','carloswagner')
INSERT INTO [dbo].[Cartao] VALUES ('cartaoUsuario100',2000.00,100,1,SYSDATETIME(),SYSDATETIME(),'carloswagner','carloswagner')

--INSERTS CONTA
INSERT INTO [dbo].[Conta] VALUES ('contaUsuario2',2,1,SYSDATETIME(),SYSDATETIME(),'carloswagner','carloswagner')
INSERT INTO [dbo].[Conta] VALUES ('contaUsuario3',3,1,SYSDATETIME(),SYSDATETIME(),'carloswagner','carloswagner')
INSERT INTO [dbo].[Conta] VALUES ('contaUsuario4',4,1,SYSDATETIME(),SYSDATETIME(),'carloswagner','carloswagner')
INSERT INTO [dbo].[Conta] VALUES ('contaUsuario5',5,1,SYSDATETIME(),SYSDATETIME(),'carloswagner','carloswagner')
INSERT INTO [dbo].[Conta] VALUES ('contaUsuario6',6,1,SYSDATETIME(),SYSDATETIME(),'carloswagner','carloswagner')
INSERT INTO [dbo].[Conta] VALUES ('contaUsuario7',7,1,SYSDATETIME(),SYSDATETIME(),'carloswagner','carloswagner')
INSERT INTO [dbo].[Conta] VALUES ('contaUsuario8',8,1,SYSDATETIME(),SYSDATETIME(),'carloswagner','carloswagner')
INSERT INTO [dbo].[Conta] VALUES ('contaUsuario9',9,1,SYSDATETIME(),SYSDATETIME(),'carloswagner','carloswagner')
INSERT INTO [dbo].[Conta] VALUES ('contaUsuario10',10,1,SYSDATETIME(),SYSDATETIME(),'carloswagner','carloswagner')
INSERT INTO [dbo].[Conta] VALUES ('contaUsuario11',11,1,SYSDATETIME(),SYSDATETIME(),'carloswagner','carloswagner')
INSERT INTO [dbo].[Conta] VALUES ('contaUsuario12',12,1,SYSDATETIME(),SYSDATETIME(),'carloswagner','carloswagner')
INSERT INTO [dbo].[Conta] VALUES ('contaUsuario13',13,1,SYSDATETIME(),SYSDATETIME(),'carloswagner','carloswagner')
INSERT INTO [dbo].[Conta] VALUES ('contaUsuario14',14,1,SYSDATETIME(),SYSDATETIME(),'carloswagner','carloswagner')
INSERT INTO [dbo].[Conta] VALUES ('contaUsuario15',15,1,SYSDATETIME(),SYSDATETIME(),'carloswagner','carloswagner')
INSERT INTO [dbo].[Conta] VALUES ('contaUsuario16',16,1,SYSDATETIME(),SYSDATETIME(),'carloswagner','carloswagner')
INSERT INTO [dbo].[Conta] VALUES ('contaUsuario17',17,1,SYSDATETIME(),SYSDATETIME(),'carloswagner','carloswagner')
INSERT INTO [dbo].[Conta] VALUES ('contaUsuario18',18,1,SYSDATETIME(),SYSDATETIME(),'carloswagner','carloswagner')
INSERT INTO [dbo].[Conta] VALUES ('contaUsuario19',19,1,SYSDATETIME(),SYSDATETIME(),'carloswagner','carloswagner')
INSERT INTO [dbo].[Conta] VALUES ('contaUsuario20',20,1,SYSDATETIME(),SYSDATETIME(),'carloswagner','carloswagner')
INSERT INTO [dbo].[Conta] VALUES ('contaUsuario21',21,1,SYSDATETIME(),SYSDATETIME(),'carloswagner','carloswagner')
INSERT INTO [dbo].[Conta] VALUES ('contaUsuario22',22,1,SYSDATETIME(),SYSDATETIME(),'carloswagner','carloswagner')
INSERT INTO [dbo].[Conta] VALUES ('contaUsuario23',23,1,SYSDATETIME(),SYSDATETIME(),'carloswagner','carloswagner')
INSERT INTO [dbo].[Conta] VALUES ('contaUsuario24',24,1,SYSDATETIME(),SYSDATETIME(),'carloswagner','carloswagner')
INSERT INTO [dbo].[Conta] VALUES ('contaUsuario25',25,1,SYSDATETIME(),SYSDATETIME(),'carloswagner','carloswagner')
INSERT INTO [dbo].[Conta] VALUES ('contaUsuario26',26,1,SYSDATETIME(),SYSDATETIME(),'carloswagner','carloswagner')
INSERT INTO [dbo].[Conta] VALUES ('contaUsuario27',27,1,SYSDATETIME(),SYSDATETIME(),'carloswagner','carloswagner')
INSERT INTO [dbo].[Conta] VALUES ('contaUsuario28',28,1,SYSDATETIME(),SYSDATETIME(),'carloswagner','carloswagner')
INSERT INTO [dbo].[Conta] VALUES ('contaUsuario29',29,1,SYSDATETIME(),SYSDATETIME(),'carloswagner','carloswagner')
INSERT INTO [dbo].[Conta] VALUES ('contaUsuario30',30,1,SYSDATETIME(),SYSDATETIME(),'carloswagner','carloswagner')
INSERT INTO [dbo].[Conta] VALUES ('contaUsuario31',31,1,SYSDATETIME(),SYSDATETIME(),'carloswagner','carloswagner')
INSERT INTO [dbo].[Conta] VALUES ('contaUsuario32',32,1,SYSDATETIME(),SYSDATETIME(),'carloswagner','carloswagner')
INSERT INTO [dbo].[Conta] VALUES ('contaUsuario33',33,1,SYSDATETIME(),SYSDATETIME(),'carloswagner','carloswagner')
INSERT INTO [dbo].[Conta] VALUES ('contaUsuario34',34,1,SYSDATETIME(),SYSDATETIME(),'carloswagner','carloswagner')
INSERT INTO [dbo].[Conta] VALUES ('contaUsuario35',35,1,SYSDATETIME(),SYSDATETIME(),'carloswagner','carloswagner')
INSERT INTO [dbo].[Conta] VALUES ('contaUsuario36',36,1,SYSDATETIME(),SYSDATETIME(),'carloswagner','carloswagner')
INSERT INTO [dbo].[Conta] VALUES ('contaUsuario37',37,1,SYSDATETIME(),SYSDATETIME(),'carloswagner','carloswagner')
INSERT INTO [dbo].[Conta] VALUES ('contaUsuario38',38,1,SYSDATETIME(),SYSDATETIME(),'carloswagner','carloswagner')
INSERT INTO [dbo].[Conta] VALUES ('contaUsuario39',39,1,SYSDATETIME(),SYSDATETIME(),'carloswagner','carloswagner')
INSERT INTO [dbo].[Conta] VALUES ('contaUsuario40',40,1,SYSDATETIME(),SYSDATETIME(),'carloswagner','carloswagner')
INSERT INTO [dbo].[Conta] VALUES ('contaUsuario41',41,1,SYSDATETIME(),SYSDATETIME(),'carloswagner','carloswagner')
INSERT INTO [dbo].[Conta] VALUES ('contaUsuario42',42,1,SYSDATETIME(),SYSDATETIME(),'carloswagner','carloswagner')
INSERT INTO [dbo].[Conta] VALUES ('contaUsuario43',43,1,SYSDATETIME(),SYSDATETIME(),'carloswagner','carloswagner')
INSERT INTO [dbo].[Conta] VALUES ('contaUsuario44',44,1,SYSDATETIME(),SYSDATETIME(),'carloswagner','carloswagner')
INSERT INTO [dbo].[Conta] VALUES ('contaUsuario45',45,1,SYSDATETIME(),SYSDATETIME(),'carloswagner','carloswagner')
INSERT INTO [dbo].[Conta] VALUES ('contaUsuario46',46,1,SYSDATETIME(),SYSDATETIME(),'carloswagner','carloswagner')
INSERT INTO [dbo].[Conta] VALUES ('contaUsuario47',47,1,SYSDATETIME(),SYSDATETIME(),'carloswagner','carloswagner')
INSERT INTO [dbo].[Conta] VALUES ('contaUsuario48',48,1,SYSDATETIME(),SYSDATETIME(),'carloswagner','carloswagner')
INSERT INTO [dbo].[Conta] VALUES ('contaUsuario49',49,1,SYSDATETIME(),SYSDATETIME(),'carloswagner','carloswagner')
INSERT INTO [dbo].[Conta] VALUES ('contaUsuario50',50,1,SYSDATETIME(),SYSDATETIME(),'carloswagner','carloswagner')
INSERT INTO [dbo].[Conta] VALUES ('contaUsuario51',51,1,SYSDATETIME(),SYSDATETIME(),'carloswagner','carloswagner')
INSERT INTO [dbo].[Conta] VALUES ('contaUsuario52',52,1,SYSDATETIME(),SYSDATETIME(),'carloswagner','carloswagner')
INSERT INTO [dbo].[Conta] VALUES ('contaUsuario53',53,1,SYSDATETIME(),SYSDATETIME(),'carloswagner','carloswagner')
INSERT INTO [dbo].[Conta] VALUES ('contaUsuario54',54,1,SYSDATETIME(),SYSDATETIME(),'carloswagner','carloswagner')
INSERT INTO [dbo].[Conta] VALUES ('contaUsuario55',55,1,SYSDATETIME(),SYSDATETIME(),'carloswagner','carloswagner')
INSERT INTO [dbo].[Conta] VALUES ('contaUsuario56',56,1,SYSDATETIME(),SYSDATETIME(),'carloswagner','carloswagner')
INSERT INTO [dbo].[Conta] VALUES ('contaUsuario57',57,1,SYSDATETIME(),SYSDATETIME(),'carloswagner','carloswagner')
INSERT INTO [dbo].[Conta] VALUES ('contaUsuario58',58,1,SYSDATETIME(),SYSDATETIME(),'carloswagner','carloswagner')
INSERT INTO [dbo].[Conta] VALUES ('contaUsuario59',59,1,SYSDATETIME(),SYSDATETIME(),'carloswagner','carloswagner')
INSERT INTO [dbo].[Conta] VALUES ('contaUsuario60',60,1,SYSDATETIME(),SYSDATETIME(),'carloswagner','carloswagner')
INSERT INTO [dbo].[Conta] VALUES ('contaUsuario61',61,1,SYSDATETIME(),SYSDATETIME(),'carloswagner','carloswagner')
INSERT INTO [dbo].[Conta] VALUES ('contaUsuario62',62,1,SYSDATETIME(),SYSDATETIME(),'carloswagner','carloswagner')
INSERT INTO [dbo].[Conta] VALUES ('contaUsuario63',63,1,SYSDATETIME(),SYSDATETIME(),'carloswagner','carloswagner')
INSERT INTO [dbo].[Conta] VALUES ('contaUsuario64',64,1,SYSDATETIME(),SYSDATETIME(),'carloswagner','carloswagner')
INSERT INTO [dbo].[Conta] VALUES ('contaUsuario65',65,1,SYSDATETIME(),SYSDATETIME(),'carloswagner','carloswagner')
INSERT INTO [dbo].[Conta] VALUES ('contaUsuario66',66,1,SYSDATETIME(),SYSDATETIME(),'carloswagner','carloswagner')
INSERT INTO [dbo].[Conta] VALUES ('contaUsuario67',67,1,SYSDATETIME(),SYSDATETIME(),'carloswagner','carloswagner')
INSERT INTO [dbo].[Conta] VALUES ('contaUsuario68',68,1,SYSDATETIME(),SYSDATETIME(),'carloswagner','carloswagner')
INSERT INTO [dbo].[Conta] VALUES ('contaUsuario69',69,1,SYSDATETIME(),SYSDATETIME(),'carloswagner','carloswagner')
INSERT INTO [dbo].[Conta] VALUES ('contaUsuario70',70,1,SYSDATETIME(),SYSDATETIME(),'carloswagner','carloswagner')
INSERT INTO [dbo].[Conta] VALUES ('contaUsuario71',71,1,SYSDATETIME(),SYSDATETIME(),'carloswagner','carloswagner')
INSERT INTO [dbo].[Conta] VALUES ('contaUsuario72',72,1,SYSDATETIME(),SYSDATETIME(),'carloswagner','carloswagner')
INSERT INTO [dbo].[Conta] VALUES ('contaUsuario73',73,1,SYSDATETIME(),SYSDATETIME(),'carloswagner','carloswagner')
INSERT INTO [dbo].[Conta] VALUES ('contaUsuario74',74,1,SYSDATETIME(),SYSDATETIME(),'carloswagner','carloswagner')
INSERT INTO [dbo].[Conta] VALUES ('contaUsuario75',75,1,SYSDATETIME(),SYSDATETIME(),'carloswagner','carloswagner')
INSERT INTO [dbo].[Conta] VALUES ('contaUsuario76',76,1,SYSDATETIME(),SYSDATETIME(),'carloswagner','carloswagner')
INSERT INTO [dbo].[Conta] VALUES ('contaUsuario77',77,1,SYSDATETIME(),SYSDATETIME(),'carloswagner','carloswagner')
INSERT INTO [dbo].[Conta] VALUES ('contaUsuario78',78,1,SYSDATETIME(),SYSDATETIME(),'carloswagner','carloswagner')
INSERT INTO [dbo].[Conta] VALUES ('contaUsuario79',79,1,SYSDATETIME(),SYSDATETIME(),'carloswagner','carloswagner')
INSERT INTO [dbo].[Conta] VALUES ('contaUsuario80',80,1,SYSDATETIME(),SYSDATETIME(),'carloswagner','carloswagner')
INSERT INTO [dbo].[Conta] VALUES ('contaUsuario81',81,1,SYSDATETIME(),SYSDATETIME(),'carloswagner','carloswagner')
INSERT INTO [dbo].[Conta] VALUES ('contaUsuario82',82,1,SYSDATETIME(),SYSDATETIME(),'carloswagner','carloswagner')
INSERT INTO [dbo].[Conta] VALUES ('contaUsuario83',83,1,SYSDATETIME(),SYSDATETIME(),'carloswagner','carloswagner')
INSERT INTO [dbo].[Conta] VALUES ('contaUsuario84',84,1,SYSDATETIME(),SYSDATETIME(),'carloswagner','carloswagner')
INSERT INTO [dbo].[Conta] VALUES ('contaUsuario85',85,1,SYSDATETIME(),SYSDATETIME(),'carloswagner','carloswagner')
INSERT INTO [dbo].[Conta] VALUES ('contaUsuario86',86,1,SYSDATETIME(),SYSDATETIME(),'carloswagner','carloswagner')
INSERT INTO [dbo].[Conta] VALUES ('contaUsuario87',87,1,SYSDATETIME(),SYSDATETIME(),'carloswagner','carloswagner')
INSERT INTO [dbo].[Conta] VALUES ('contaUsuario88',88,1,SYSDATETIME(),SYSDATETIME(),'carloswagner','carloswagner')
INSERT INTO [dbo].[Conta] VALUES ('contaUsuario89',89,1,SYSDATETIME(),SYSDATETIME(),'carloswagner','carloswagner')
INSERT INTO [dbo].[Conta] VALUES ('contaUsuario90',90,1,SYSDATETIME(),SYSDATETIME(),'carloswagner','carloswagner')
INSERT INTO [dbo].[Conta] VALUES ('contaUsuario91',91,1,SYSDATETIME(),SYSDATETIME(),'carloswagner','carloswagner')
INSERT INTO [dbo].[Conta] VALUES ('contaUsuario92',92,1,SYSDATETIME(),SYSDATETIME(),'carloswagner','carloswagner')
INSERT INTO [dbo].[Conta] VALUES ('contaUsuario93',93,1,SYSDATETIME(),SYSDATETIME(),'carloswagner','carloswagner')
INSERT INTO [dbo].[Conta] VALUES ('contaUsuario94',94,1,SYSDATETIME(),SYSDATETIME(),'carloswagner','carloswagner')
INSERT INTO [dbo].[Conta] VALUES ('contaUsuario95',95,1,SYSDATETIME(),SYSDATETIME(),'carloswagner','carloswagner')
INSERT INTO [dbo].[Conta] VALUES ('contaUsuario96',96,1,SYSDATETIME(),SYSDATETIME(),'carloswagner','carloswagner')
INSERT INTO [dbo].[Conta] VALUES ('contaUsuario97',97,1,SYSDATETIME(),SYSDATETIME(),'carloswagner','carloswagner')
INSERT INTO [dbo].[Conta] VALUES ('contaUsuario98',98,1,SYSDATETIME(),SYSDATETIME(),'carloswagner','carloswagner')
INSERT INTO [dbo].[Conta] VALUES ('contaUsuario99',99,1,SYSDATETIME(),SYSDATETIME(),'carloswagner','carloswagner')
INSERT INTO [dbo].[Conta] VALUES ('contaUsuario100',100,1,SYSDATETIME(),SYSDATETIME(),'carloswagner','carloswagner')

--INSERTS LANCAMENTO CARTAO
INSERT INTO [dbo].[LancamentosCartao] VALUES(1,1,'Despesa carto titular',77.04 ,'2022-06-13',1,SYSDATETIME(),SYSDATETIME(),'carloswagner','carloswagner')
INSERT INTO [dbo].[LancamentosCartao] VALUES(6,2,'Despesa carto titular',66.63 ,'2022-09-19',1,SYSDATETIME(),SYSDATETIME(),'carloswagner','carloswagner')
INSERT INTO [dbo].[LancamentosCartao] VALUES(7,3,'Despesa carto titular',31.27 ,'2022-08-30',1,SYSDATETIME(),SYSDATETIME(),'carloswagner','carloswagner')
INSERT INTO [dbo].[LancamentosCartao] VALUES(8,4,'Despesa carto titular',66.76 ,'2022-08-18',1,SYSDATETIME(),SYSDATETIME(),'carloswagner','carloswagner')
INSERT INTO [dbo].[LancamentosCartao] VALUES(9,5,'Despesa carto titular',96.15 ,'2022-09-17',1,SYSDATETIME(),SYSDATETIME(),'carloswagner','carloswagner')
INSERT INTO [dbo].[LancamentosCartao] VALUES(10,6,'Despesa carto titular',79.21 ,'2022-08-18',1,SYSDATETIME(),SYSDATETIME(),'carloswagner','carloswagner')
INSERT INTO [dbo].[LancamentosCartao] VALUES(11,7,'Despesa carto titular',20.76 ,'2022-08-31',1,SYSDATETIME(),SYSDATETIME(),'carloswagner','carloswagner')
INSERT INTO [dbo].[LancamentosCartao] VALUES(12,8,'Despesa carto titular',16.07 ,'2022-09-17',1,SYSDATETIME(),SYSDATETIME(),'carloswagner','carloswagner')
INSERT INTO [dbo].[LancamentosCartao] VALUES(13,9,'Despesa carto titular',75.97 ,'2022-07-01',1,SYSDATETIME(),SYSDATETIME(),'carloswagner','carloswagner')
INSERT INTO [dbo].[LancamentosCartao] VALUES(1,10,'Despesa carto titular',95.43 ,'2022-08-05',1,SYSDATETIME(),SYSDATETIME(),'carloswagner','carloswagner')
INSERT INTO [dbo].[LancamentosCartao] VALUES(6,11,'Despesa carto titular',81.59 ,'2022-07-19',1,SYSDATETIME(),SYSDATETIME(),'carloswagner','carloswagner')
INSERT INTO [dbo].[LancamentosCartao] VALUES(7,12,'Despesa carto titular',93.48 ,'2022-07-31',1,SYSDATETIME(),SYSDATETIME(),'carloswagner','carloswagner')
INSERT INTO [dbo].[LancamentosCartao] VALUES(8,13,'Despesa carto titular',51.67 ,'2022-07-09',1,SYSDATETIME(),SYSDATETIME(),'carloswagner','carloswagner')
INSERT INTO [dbo].[LancamentosCartao] VALUES(9,14,'Despesa carto titular',82.23 ,'2022-07-22',1,SYSDATETIME(),SYSDATETIME(),'carloswagner','carloswagner')
INSERT INTO [dbo].[LancamentosCartao] VALUES(10,15,'Despesa carto titular',96.32 ,'2022-08-05',1,SYSDATETIME(),SYSDATETIME(),'carloswagner','carloswagner')
INSERT INTO [dbo].[LancamentosCartao] VALUES(11,16,'Despesa carto titular',90.83 ,'2022-09-06',1,SYSDATETIME(),SYSDATETIME(),'carloswagner','carloswagner')
INSERT INTO [dbo].[LancamentosCartao] VALUES(12,17,'Despesa carto titular',56.06 ,'2022-07-20',1,SYSDATETIME(),SYSDATETIME(),'carloswagner','carloswagner')
INSERT INTO [dbo].[LancamentosCartao] VALUES(13,18,'Despesa carto titular',79.70 ,'2022-06-28',1,SYSDATETIME(),SYSDATETIME(),'carloswagner','carloswagner')
INSERT INTO [dbo].[LancamentosCartao] VALUES(1,19,'Despesa carto titular',34.65 ,'2022-07-03',1,SYSDATETIME(),SYSDATETIME(),'carloswagner','carloswagner')
INSERT INTO [dbo].[LancamentosCartao] VALUES(6,20,'Despesa carto titular',51.76 ,'2022-09-18',1,SYSDATETIME(),SYSDATETIME(),'carloswagner','carloswagner')
INSERT INTO [dbo].[LancamentosCartao] VALUES(7,21,'Despesa carto titular',19.70 ,'2022-09-17',1,SYSDATETIME(),SYSDATETIME(),'carloswagner','carloswagner')
INSERT INTO [dbo].[LancamentosCartao] VALUES(8,22,'Despesa carto titular',45.51 ,'2022-08-28',1,SYSDATETIME(),SYSDATETIME(),'carloswagner','carloswagner')
INSERT INTO [dbo].[LancamentosCartao] VALUES(9,23,'Despesa carto titular',95.19 ,'2022-08-12',1,SYSDATETIME(),SYSDATETIME(),'carloswagner','carloswagner')
INSERT INTO [dbo].[LancamentosCartao] VALUES(10,24,'Despesa carto titular',49.09 ,'2022-08-15',1,SYSDATETIME(),SYSDATETIME(),'carloswagner','carloswagner')
INSERT INTO [dbo].[LancamentosCartao] VALUES(11,25,'Despesa carto titular',86.30 ,'2022-08-07',1,SYSDATETIME(),SYSDATETIME(),'carloswagner','carloswagner')
INSERT INTO [dbo].[LancamentosCartao] VALUES(12,26,'Despesa carto titular',31.56 ,'2022-06-24',1,SYSDATETIME(),SYSDATETIME(),'carloswagner','carloswagner')
INSERT INTO [dbo].[LancamentosCartao] VALUES(13,27,'Despesa carto titular',77.49 ,'2022-09-07',1,SYSDATETIME(),SYSDATETIME(),'carloswagner','carloswagner')
INSERT INTO [dbo].[LancamentosCartao] VALUES(1,28,'Despesa carto titular',40.14 ,'2022-08-03',1,SYSDATETIME(),SYSDATETIME(),'carloswagner','carloswagner')
INSERT INTO [dbo].[LancamentosCartao] VALUES(6,29,'Despesa carto titular',57.23 ,'2022-07-20',1,SYSDATETIME(),SYSDATETIME(),'carloswagner','carloswagner')
INSERT INTO [dbo].[LancamentosCartao] VALUES(7,30,'Despesa carto titular',36.78 ,'2022-09-18',1,SYSDATETIME(),SYSDATETIME(),'carloswagner','carloswagner')
INSERT INTO [dbo].[LancamentosCartao] VALUES(8,31,'Despesa carto titular',28.98 ,'2022-08-12',1,SYSDATETIME(),SYSDATETIME(),'carloswagner','carloswagner')
INSERT INTO [dbo].[LancamentosCartao] VALUES(9,32,'Despesa carto titular',36.61 ,'2022-08-01',1,SYSDATETIME(),SYSDATETIME(),'carloswagner','carloswagner')
INSERT INTO [dbo].[LancamentosCartao] VALUES(10,33,'Despesa carto titular',70.65 ,'2022-09-07',1,SYSDATETIME(),SYSDATETIME(),'carloswagner','carloswagner')
INSERT INTO [dbo].[LancamentosCartao] VALUES(11,34,'Despesa carto titular',85.04 ,'2022-08-27',1,SYSDATETIME(),SYSDATETIME(),'carloswagner','carloswagner')
INSERT INTO [dbo].[LancamentosCartao] VALUES(12,35,'Despesa carto titular',62.36 ,'2022-09-03',1,SYSDATETIME(),SYSDATETIME(),'carloswagner','carloswagner')
INSERT INTO [dbo].[LancamentosCartao] VALUES(13,36,'Despesa carto titular',38.66 ,'2022-08-22',1,SYSDATETIME(),SYSDATETIME(),'carloswagner','carloswagner')
INSERT INTO [dbo].[LancamentosCartao] VALUES(1,37,'Despesa carto titular',68.98 ,'2022-07-27',1,SYSDATETIME(),SYSDATETIME(),'carloswagner','carloswagner')
INSERT INTO [dbo].[LancamentosCartao] VALUES(6,38,'Despesa carto titular',38.83 ,'2022-08-03',1,SYSDATETIME(),SYSDATETIME(),'carloswagner','carloswagner')
INSERT INTO [dbo].[LancamentosCartao] VALUES(7,39,'Despesa carto titular',53.47 ,'2022-07-01',1,SYSDATETIME(),SYSDATETIME(),'carloswagner','carloswagner')
INSERT INTO [dbo].[LancamentosCartao] VALUES(8,40,'Despesa carto titular',76.20 ,'2022-07-10',1,SYSDATETIME(),SYSDATETIME(),'carloswagner','carloswagner')
INSERT INTO [dbo].[LancamentosCartao] VALUES(9,41,'Despesa carto titular',8.04 ,'2022-07-05',1,SYSDATETIME(),SYSDATETIME(),'carloswagner','carloswagner')
INSERT INTO [dbo].[LancamentosCartao] VALUES(10,42,'Despesa carto titular',45.58 ,'2022-08-07',1,SYSDATETIME(),SYSDATETIME(),'carloswagner','carloswagner')
INSERT INTO [dbo].[LancamentosCartao] VALUES(11,43,'Despesa carto titular',56.50 ,'2022-06-24',1,SYSDATETIME(),SYSDATETIME(),'carloswagner','carloswagner')
INSERT INTO [dbo].[LancamentosCartao] VALUES(12,44,'Despesa carto titular',38.44 ,'2022-08-12',1,SYSDATETIME(),SYSDATETIME(),'carloswagner','carloswagner')
INSERT INTO [dbo].[LancamentosCartao] VALUES(13,45,'Despesa carto titular',84.73 ,'2022-07-26',1,SYSDATETIME(),SYSDATETIME(),'carloswagner','carloswagner')
INSERT INTO [dbo].[LancamentosCartao] VALUES(1,46,'Despesa carto titular',83.17 ,'2022-08-27',1,SYSDATETIME(),SYSDATETIME(),'carloswagner','carloswagner')
INSERT INTO [dbo].[LancamentosCartao] VALUES(6,47,'Despesa carto titular',67.55 ,'2022-09-02',1,SYSDATETIME(),SYSDATETIME(),'carloswagner','carloswagner')
INSERT INTO [dbo].[LancamentosCartao] VALUES(7,48,'Despesa carto titular',20.31 ,'2022-08-23',1,SYSDATETIME(),SYSDATETIME(),'carloswagner','carloswagner')
INSERT INTO [dbo].[LancamentosCartao] VALUES(8,49,'Despesa carto titular',58.37 ,'2022-09-07',1,SYSDATETIME(),SYSDATETIME(),'carloswagner','carloswagner')
INSERT INTO [dbo].[LancamentosCartao] VALUES(9,50,'Despesa carto titular',88.39 ,'2022-06-13',1,SYSDATETIME(),SYSDATETIME(),'carloswagner','carloswagner')
INSERT INTO [dbo].[LancamentosCartao] VALUES(10,51,'Despesa carto titular',5.97 ,'2022-09-17',1,SYSDATETIME(),SYSDATETIME(),'carloswagner','carloswagner')
INSERT INTO [dbo].[LancamentosCartao] VALUES(11,52,'Despesa carto titular',33.70 ,'2022-08-05',1,SYSDATETIME(),SYSDATETIME(),'carloswagner','carloswagner')
INSERT INTO [dbo].[LancamentosCartao] VALUES(12,53,'Despesa carto titular',74.08 ,'2022-08-18',1,SYSDATETIME(),SYSDATETIME(),'carloswagner','carloswagner')
INSERT INTO [dbo].[LancamentosCartao] VALUES(13,54,'Despesa carto titular',81.38 ,'2022-06-21',1,SYSDATETIME(),SYSDATETIME(),'carloswagner','carloswagner')
INSERT INTO [dbo].[LancamentosCartao] VALUES(1,55,'Despesa carto titular',82.04 ,'2022-08-09',1,SYSDATETIME(),SYSDATETIME(),'carloswagner','carloswagner')
INSERT INTO [dbo].[LancamentosCartao] VALUES(6,56,'Despesa carto titular',67.45 ,'2022-09-17',1,SYSDATETIME(),SYSDATETIME(),'carloswagner','carloswagner')
INSERT INTO [dbo].[LancamentosCartao] VALUES(7,57,'Despesa carto titular',89.17 ,'2022-09-11',1,SYSDATETIME(),SYSDATETIME(),'carloswagner','carloswagner')
INSERT INTO [dbo].[LancamentosCartao] VALUES(8,58,'Despesa carto titular',78.24 ,'2022-09-12',1,SYSDATETIME(),SYSDATETIME(),'carloswagner','carloswagner')
INSERT INTO [dbo].[LancamentosCartao] VALUES(9,59,'Despesa carto titular',99.96 ,'2022-06-24',1,SYSDATETIME(),SYSDATETIME(),'carloswagner','carloswagner')
INSERT INTO [dbo].[LancamentosCartao] VALUES(10,60,'Despesa carto titular',31.01 ,'2022-08-19',1,SYSDATETIME(),SYSDATETIME(),'carloswagner','carloswagner')
INSERT INTO [dbo].[LancamentosCartao] VALUES(11,61,'Despesa carto titular',25.38 ,'2022-08-28',1,SYSDATETIME(),SYSDATETIME(),'carloswagner','carloswagner')
INSERT INTO [dbo].[LancamentosCartao] VALUES(12,62,'Despesa carto titular',66.42 ,'2022-07-31',1,SYSDATETIME(),SYSDATETIME(),'carloswagner','carloswagner')
INSERT INTO [dbo].[LancamentosCartao] VALUES(13,63,'Despesa carto titular',10.37 ,'2022-09-01',1,SYSDATETIME(),SYSDATETIME(),'carloswagner','carloswagner')
INSERT INTO [dbo].[LancamentosCartao] VALUES(1,64,'Despesa carto titular',95.32 ,'2022-07-04',1,SYSDATETIME(),SYSDATETIME(),'carloswagner','carloswagner')
INSERT INTO [dbo].[LancamentosCartao] VALUES(6,65,'Despesa carto titular',70.69 ,'2022-07-13',1,SYSDATETIME(),SYSDATETIME(),'carloswagner','carloswagner')
INSERT INTO [dbo].[LancamentosCartao] VALUES(7,66,'Despesa carto titular',72.74 ,'2022-09-11',1,SYSDATETIME(),SYSDATETIME(),'carloswagner','carloswagner')
INSERT INTO [dbo].[LancamentosCartao] VALUES(8,67,'Despesa carto titular',19.14 ,'2022-09-10',1,SYSDATETIME(),SYSDATETIME(),'carloswagner','carloswagner')
INSERT INTO [dbo].[LancamentosCartao] VALUES(9,68,'Despesa carto titular',37.86 ,'2022-07-12',1,SYSDATETIME(),SYSDATETIME(),'carloswagner','carloswagner')
INSERT INTO [dbo].[LancamentosCartao] VALUES(1,69,'Despesa carto titular',97.62 ,'2022-08-01',1,SYSDATETIME(),SYSDATETIME(),'carloswagner','carloswagner')
INSERT INTO [dbo].[LancamentosCartao] VALUES(6,70,'Despesa carto titular',48.29 ,'2022-08-10',1,SYSDATETIME(),SYSDATETIME(),'carloswagner','carloswagner')
INSERT INTO [dbo].[LancamentosCartao] VALUES(7,71,'Despesa carto titular',65.93 ,'2022-08-14',1,SYSDATETIME(),SYSDATETIME(),'carloswagner','carloswagner')
INSERT INTO [dbo].[LancamentosCartao] VALUES(8,72,'Despesa carto titular',64.75 ,'2022-09-10',1,SYSDATETIME(),SYSDATETIME(),'carloswagner','carloswagner')
INSERT INTO [dbo].[LancamentosCartao] VALUES(9,73,'Despesa carto titular',52.92 ,'2022-09-03',1,SYSDATETIME(),SYSDATETIME(),'carloswagner','carloswagner')
INSERT INTO [dbo].[LancamentosCartao] VALUES(10,74,'Despesa carto titular',58.56 ,'2022-07-13',1,SYSDATETIME(),SYSDATETIME(),'carloswagner','carloswagner')
INSERT INTO [dbo].[LancamentosCartao] VALUES(11,75,'Despesa carto titular',58.70 ,'2022-08-17',1,SYSDATETIME(),SYSDATETIME(),'carloswagner','carloswagner')
INSERT INTO [dbo].[LancamentosCartao] VALUES(12,76,'Despesa carto titular',91.53 ,'2022-09-18',1,SYSDATETIME(),SYSDATETIME(),'carloswagner','carloswagner')
INSERT INTO [dbo].[LancamentosCartao] VALUES(1,77,'Despesa carto titular',51.56 ,'2022-09-19',1,SYSDATETIME(),SYSDATETIME(),'carloswagner','carloswagner')
INSERT INTO [dbo].[LancamentosCartao] VALUES(6,78,'Despesa carto titular',31.21 ,'2022-08-30',1,SYSDATETIME(),SYSDATETIME(),'carloswagner','carloswagner')
INSERT INTO [dbo].[LancamentosCartao] VALUES(7,79,'Despesa carto titular',20.55 ,'2022-09-13',1,SYSDATETIME(),SYSDATETIME(),'carloswagner','carloswagner')
INSERT INTO [dbo].[LancamentosCartao] VALUES(8,80,'Despesa carto titular',73.75 ,'2022-07-05',1,SYSDATETIME(),SYSDATETIME(),'carloswagner','carloswagner')
INSERT INTO [dbo].[LancamentosCartao] VALUES(9,81,'Despesa carto titular',64.78 ,'2022-09-03',1,SYSDATETIME(),SYSDATETIME(),'carloswagner','carloswagner')
INSERT INTO [dbo].[LancamentosCartao] VALUES(10,82,'Despesa carto titular',2.40 ,'2022-08-14',1,SYSDATETIME(),SYSDATETIME(),'carloswagner','carloswagner')
INSERT INTO [dbo].[LancamentosCartao] VALUES(11,83,'Despesa carto titular',71.25 ,'2022-07-13',1,SYSDATETIME(),SYSDATETIME(),'carloswagner','carloswagner')
INSERT INTO [dbo].[LancamentosCartao] VALUES(12,84,'Despesa carto titular',4.72 ,'2022-08-25',1,SYSDATETIME(),SYSDATETIME(),'carloswagner','carloswagner')
INSERT INTO [dbo].[LancamentosCartao] VALUES(13,85,'Despesa carto titular',90.66 ,'2022-09-05',1,SYSDATETIME(),SYSDATETIME(),'carloswagner','carloswagner')
INSERT INTO [dbo].[LancamentosCartao] VALUES(1,86,'Despesa carto titular',55.93 ,'2022-09-01',1,SYSDATETIME(),SYSDATETIME(),'carloswagner','carloswagner')
INSERT INTO [dbo].[LancamentosCartao] VALUES(6,87,'Despesa carto titular',95.06 ,'2022-06-23',1,SYSDATETIME(),SYSDATETIME(),'carloswagner','carloswagner')
INSERT INTO [dbo].[LancamentosCartao] VALUES(7,88,'Despesa carto titular',14.70 ,'2022-08-16',1,SYSDATETIME(),SYSDATETIME(),'carloswagner','carloswagner')
INSERT INTO [dbo].[LancamentosCartao] VALUES(8,89,'Despesa carto titular',58.33 ,'2022-07-28',1,SYSDATETIME(),SYSDATETIME(),'carloswagner','carloswagner')
INSERT INTO [dbo].[LancamentosCartao] VALUES(9,90,'Despesa carto titular',40.68 ,'2022-08-06',1,SYSDATETIME(),SYSDATETIME(),'carloswagner','carloswagner')
INSERT INTO [dbo].[LancamentosCartao] VALUES(10,91,'Despesa carto titular',59.38 ,'2022-06-20',1,SYSDATETIME(),SYSDATETIME(),'carloswagner','carloswagner')
INSERT INTO [dbo].[LancamentosCartao] VALUES(11,92,'Despesa carto titular',29.46 ,'2022-09-19',1,SYSDATETIME(),SYSDATETIME(),'carloswagner','carloswagner')
INSERT INTO [dbo].[LancamentosCartao] VALUES(1,93,'Despesa carto titular',98.27 ,'2022-06-20',1,SYSDATETIME(),SYSDATETIME(),'carloswagner','carloswagner')
INSERT INTO [dbo].[LancamentosCartao] VALUES(6,94,'Despesa carto titular',53.72 ,'2022-08-21',1,SYSDATETIME(),SYSDATETIME(),'carloswagner','carloswagner')
INSERT INTO [dbo].[LancamentosCartao] VALUES(7,95,'Despesa carto titular',29.38 ,'2022-08-18',1,SYSDATETIME(),SYSDATETIME(),'carloswagner','carloswagner')
INSERT INTO [dbo].[LancamentosCartao] VALUES(8,96,'Despesa carto titular',76.75 ,'2022-07-09',1,SYSDATETIME(),SYSDATETIME(),'carloswagner','carloswagner')
INSERT INTO [dbo].[LancamentosCartao] VALUES(9,97,'Despesa carto titular',76.57 ,'2022-06-29',1,SYSDATETIME(),SYSDATETIME(),'carloswagner','carloswagner')
INSERT INTO [dbo].[LancamentosCartao] VALUES(10,98,'Despesa carto titular',22.92 ,'2022-08-20',1,SYSDATETIME(),SYSDATETIME(),'carloswagner','carloswagner')
INSERT INTO [dbo].[LancamentosCartao] VALUES(11,99,'Despesa carto titular',17.62 ,'2022-08-04',1,SYSDATETIME(),SYSDATETIME(),'carloswagner','carloswagner')

--INSERTS LANCAMENTOSCONTA
INSERT INTO [dbo].[LancamentosConta] VALUES(1,1,1,'Descricao Lanamento',77.04 ,77.04 ,'2022-06-13','2022-06-13','http://www.link.com.br',0,6,1,SYSDATETIME(),SYSDATETIME(),'carloswagner','carloswagner')
INSERT INTO [dbo].[LancamentosConta] VALUES(1,6,2,'Descricao Lanamento',66.63 ,66.63 ,'2022-09-19','2022-09-19','http://www.link.com.br',0,5,1,SYSDATETIME(),SYSDATETIME(),'carloswagner','carloswagner')
INSERT INTO [dbo].[LancamentosConta] VALUES(1,7,3,'Descricao Lanamento',31.27 ,31.27 ,'2022-08-30','2022-08-30','http://www.link.com.br',0,8,1,SYSDATETIME(),SYSDATETIME(),'carloswagner','carloswagner')
INSERT INTO [dbo].[LancamentosConta] VALUES(2,8,4,'Descricao Lanamento',66.76 ,66.76 ,'2022-08-18','2022-08-18','http://www.link.com.br',1,2,1,SYSDATETIME(),SYSDATETIME(),'carloswagner','carloswagner')
INSERT INTO [dbo].[LancamentosConta] VALUES(2,9,5,'Descricao Lanamento',96.15 ,96.15 ,'2022-09-17','2022-09-17','http://www.link.com.br',0,8,1,SYSDATETIME(),SYSDATETIME(),'carloswagner','carloswagner')
INSERT INTO [dbo].[LancamentosConta] VALUES(2,10,6,'Descricao Lanamento',79.21 ,79.21 ,'2022-08-18','2022-08-18','http://www.link.com.br',1,3,1,SYSDATETIME(),SYSDATETIME(),'carloswagner','carloswagner')
INSERT INTO [dbo].[LancamentosConta] VALUES(1,11,7,'Descricao Lanamento',20.76 ,20.76 ,'2022-08-31','2022-08-31','http://www.link.com.br',0,1,1,SYSDATETIME(),SYSDATETIME(),'carloswagner','carloswagner')
INSERT INTO [dbo].[LancamentosConta] VALUES(1,12,8,'Descricao Lanamento',16.07 ,16.07 ,'2022-09-17','2022-09-17','http://www.link.com.br',1,0,1,SYSDATETIME(),SYSDATETIME(),'carloswagner','carloswagner')
INSERT INTO [dbo].[LancamentosConta] VALUES(2,13,9,'Descricao Lanamento',75.97 ,75.97 ,'2022-07-01','2022-07-01','http://www.link.com.br',1,8,1,SYSDATETIME(),SYSDATETIME(),'carloswagner','carloswagner')
INSERT INTO [dbo].[LancamentosConta] VALUES(1,1,10,'Descricao Lanamento',95.43 ,95.43 ,'2022-08-05','2022-08-05','http://www.link.com.br',1,1,1,SYSDATETIME(),SYSDATETIME(),'carloswagner','carloswagner')
INSERT INTO [dbo].[LancamentosConta] VALUES(1,6,11,'Descricao Lanamento',81.59 ,81.59 ,'2022-07-19','2022-07-19','http://www.link.com.br',0,8,1,SYSDATETIME(),SYSDATETIME(),'carloswagner','carloswagner')
INSERT INTO [dbo].[LancamentosConta] VALUES(1,7,12,'Descricao Lanamento',93.48 ,93.48 ,'2022-07-31','2022-07-31','http://www.link.com.br',0,9,1,SYSDATETIME(),SYSDATETIME(),'carloswagner','carloswagner')
INSERT INTO [dbo].[LancamentosConta] VALUES(2,8,13,'Descricao Lanamento',51.67 ,51.67 ,'2022-07-09','2022-07-09','http://www.link.com.br',0,4,1,SYSDATETIME(),SYSDATETIME(),'carloswagner','carloswagner')
INSERT INTO [dbo].[LancamentosConta] VALUES(2,9,14,'Descricao Lanamento',82.23 ,82.23 ,'2022-07-22','2022-07-22','http://www.link.com.br',0,8,1,SYSDATETIME(),SYSDATETIME(),'carloswagner','carloswagner')
INSERT INTO [dbo].[LancamentosConta] VALUES(2,10,15,'Descricao Lanamento',96.32 ,96.32 ,'2022-08-05','2022-08-05','http://www.link.com.br',1,0,1,SYSDATETIME(),SYSDATETIME(),'carloswagner','carloswagner')
INSERT INTO [dbo].[LancamentosConta] VALUES(1,11,16,'Descricao Lanamento',90.83 ,90.83 ,'2022-09-06','2022-09-06','http://www.link.com.br',0,3,1,SYSDATETIME(),SYSDATETIME(),'carloswagner','carloswagner')
INSERT INTO [dbo].[LancamentosConta] VALUES(1,12,17,'Descricao Lanamento',56.06 ,56.06 ,'2022-07-20','2022-07-20','http://www.link.com.br',1,7,1,SYSDATETIME(),SYSDATETIME(),'carloswagner','carloswagner')
INSERT INTO [dbo].[LancamentosConta] VALUES(2,13,18,'Descricao Lanamento',79.70 ,79.70 ,'2022-06-28','2022-06-28','http://www.link.com.br',0,1,1,SYSDATETIME(),SYSDATETIME(),'carloswagner','carloswagner')
INSERT INTO [dbo].[LancamentosConta] VALUES(1,1,19,'Descricao Lanamento',34.65 ,34.65 ,'2022-07-03','2022-07-03','http://www.link.com.br',1,4,1,SYSDATETIME(),SYSDATETIME(),'carloswagner','carloswagner')
INSERT INTO [dbo].[LancamentosConta] VALUES(1,6,20,'Descricao Lanamento',51.76 ,51.76 ,'2022-09-18','2022-09-18','http://www.link.com.br',1,2,1,SYSDATETIME(),SYSDATETIME(),'carloswagner','carloswagner')
INSERT INTO [dbo].[LancamentosConta] VALUES(1,7,21,'Descricao Lanamento',19.70 ,19.70 ,'2022-09-17','2022-09-17','http://www.link.com.br',1,3,1,SYSDATETIME(),SYSDATETIME(),'carloswagner','carloswagner')
INSERT INTO [dbo].[LancamentosConta] VALUES(2,8,22,'Descricao Lanamento',45.51 ,45.51 ,'2022-08-28','2022-08-28','http://www.link.com.br',0,8,1,SYSDATETIME(),SYSDATETIME(),'carloswagner','carloswagner')
INSERT INTO [dbo].[LancamentosConta] VALUES(2,9,23,'Descricao Lanamento',95.19 ,95.19 ,'2022-08-12','2022-08-12','http://www.link.com.br',0,1,1,SYSDATETIME(),SYSDATETIME(),'carloswagner','carloswagner')
INSERT INTO [dbo].[LancamentosConta] VALUES(2,10,24,'Descricao Lanamento',49.09 ,49.09 ,'2022-08-15','2022-08-15','http://www.link.com.br',0,2,1,SYSDATETIME(),SYSDATETIME(),'carloswagner','carloswagner')
INSERT INTO [dbo].[LancamentosConta] VALUES(1,11,25,'Descricao Lanamento',86.30 ,86.30 ,'2022-08-07','2022-08-07','http://www.link.com.br',0,0,1,SYSDATETIME(),SYSDATETIME(),'carloswagner','carloswagner')
INSERT INTO [dbo].[LancamentosConta] VALUES(1,12,26,'Descricao Lanamento',31.56 ,31.56 ,'2022-06-24','2022-06-24','http://www.link.com.br',0,1,1,SYSDATETIME(),SYSDATETIME(),'carloswagner','carloswagner')
INSERT INTO [dbo].[LancamentosConta] VALUES(2,13,27,'Descricao Lanamento',77.49 ,77.49 ,'2022-09-07','2022-09-07','http://www.link.com.br',1,2,1,SYSDATETIME(),SYSDATETIME(),'carloswagner','carloswagner')
INSERT INTO [dbo].[LancamentosConta] VALUES(1,1,28,'Descricao Lanamento',40.14 ,40.14 ,'2022-08-03','2022-08-03','http://www.link.com.br',0,4,1,SYSDATETIME(),SYSDATETIME(),'carloswagner','carloswagner')
INSERT INTO [dbo].[LancamentosConta] VALUES(1,6,29,'Descricao Lanamento',57.23 ,57.23 ,'2022-07-20','2022-07-20','http://www.link.com.br',1,8,1,SYSDATETIME(),SYSDATETIME(),'carloswagner','carloswagner')
INSERT INTO [dbo].[LancamentosConta] VALUES(1,7,30,'Descricao Lanamento',36.78 ,36.78 ,'2022-09-18','2022-09-18','http://www.link.com.br',0,3,1,SYSDATETIME(),SYSDATETIME(),'carloswagner','carloswagner')
INSERT INTO [dbo].[LancamentosConta] VALUES(2,8,31,'Descricao Lanamento',28.98 ,28.98 ,'2022-08-12','2022-08-12','http://www.link.com.br',1,1,1,SYSDATETIME(),SYSDATETIME(),'carloswagner','carloswagner')
INSERT INTO [dbo].[LancamentosConta] VALUES(2,9,32,'Descricao Lanamento',36.61 ,36.61 ,'2022-08-01','2022-08-01','http://www.link.com.br',1,0,1,SYSDATETIME(),SYSDATETIME(),'carloswagner','carloswagner')
INSERT INTO [dbo].[LancamentosConta] VALUES(2,10,33,'Descricao Lanamento',70.65 ,70.65 ,'2022-09-07','2022-09-07','http://www.link.com.br',1,7,1,SYSDATETIME(),SYSDATETIME(),'carloswagner','carloswagner')
INSERT INTO [dbo].[LancamentosConta] VALUES(1,11,34,'Descricao Lanamento',85.04 ,85.04 ,'2022-08-27','2022-08-27','http://www.link.com.br',0,2,1,SYSDATETIME(),SYSDATETIME(),'carloswagner','carloswagner')
INSERT INTO [dbo].[LancamentosConta] VALUES(1,12,35,'Descricao Lanamento',62.36 ,62.36 ,'2022-09-03','2022-09-03','http://www.link.com.br',0,1,1,SYSDATETIME(),SYSDATETIME(),'carloswagner','carloswagner')
INSERT INTO [dbo].[LancamentosConta] VALUES(2,13,36,'Descricao Lanamento',38.66 ,38.66 ,'2022-08-22','2022-08-22','http://www.link.com.br',0,9,1,SYSDATETIME(),SYSDATETIME(),'carloswagner','carloswagner')
INSERT INTO [dbo].[LancamentosConta] VALUES(1,1,37,'Descricao Lanamento',68.98 ,68.98 ,'2022-07-27','2022-07-27','http://www.link.com.br',0,3,1,SYSDATETIME(),SYSDATETIME(),'carloswagner','carloswagner')
INSERT INTO [dbo].[LancamentosConta] VALUES(1,6,38,'Descricao Lanamento',38.83 ,38.83 ,'2022-08-03','2022-08-03','http://www.link.com.br',0,8,1,SYSDATETIME(),SYSDATETIME(),'carloswagner','carloswagner')
INSERT INTO [dbo].[LancamentosConta] VALUES(1,7,39,'Descricao Lanamento',53.47 ,53.47 ,'2022-07-01','2022-07-01','http://www.link.com.br',1,8,1,SYSDATETIME(),SYSDATETIME(),'carloswagner','carloswagner')
INSERT INTO [dbo].[LancamentosConta] VALUES(2,8,40,'Descricao Lanamento',76.20 ,76.20 ,'2022-07-10','2022-07-10','http://www.link.com.br',0,6,1,SYSDATETIME(),SYSDATETIME(),'carloswagner','carloswagner')
INSERT INTO [dbo].[LancamentosConta] VALUES(2,9,41,'Descricao Lanamento',8.04 ,8.04 ,'2022-07-05','2022-07-05','http://www.link.com.br',1,4,1,SYSDATETIME(),SYSDATETIME(),'carloswagner','carloswagner')
INSERT INTO [dbo].[LancamentosConta] VALUES(2,10,42,'Descricao Lanamento',45.58 ,45.58 ,'2022-08-07','2022-08-07','http://www.link.com.br',0,3,1,SYSDATETIME(),SYSDATETIME(),'carloswagner','carloswagner')
INSERT INTO [dbo].[LancamentosConta] VALUES(1,11,43,'Descricao Lanamento',56.50 ,56.50 ,'2022-06-24','2022-06-24','http://www.link.com.br',1,3,1,SYSDATETIME(),SYSDATETIME(),'carloswagner','carloswagner')
INSERT INTO [dbo].[LancamentosConta] VALUES(1,12,44,'Descricao Lanamento',38.44 ,38.44 ,'2022-08-12','2022-08-12','http://www.link.com.br',1,9,1,SYSDATETIME(),SYSDATETIME(),'carloswagner','carloswagner')
INSERT INTO [dbo].[LancamentosConta] VALUES(2,13,45,'Descricao Lanamento',84.73 ,84.73 ,'2022-07-26','2022-07-26','http://www.link.com.br',1,0,1,SYSDATETIME(),SYSDATETIME(),'carloswagner','carloswagner')
INSERT INTO [dbo].[LancamentosConta] VALUES(1,1,46,'Descricao Lanamento',83.17 ,83.17 ,'2022-08-27','2022-08-27','http://www.link.com.br',0,4,1,SYSDATETIME(),SYSDATETIME(),'carloswagner','carloswagner')
INSERT INTO [dbo].[LancamentosConta] VALUES(1,6,47,'Descricao Lanamento',67.55 ,67.55 ,'2022-09-02','2022-09-02','http://www.link.com.br',0,5,1,SYSDATETIME(),SYSDATETIME(),'carloswagner','carloswagner')
INSERT INTO [dbo].[LancamentosConta] VALUES(1,7,48,'Descricao Lanamento',20.31 ,20.31 ,'2022-08-23','2022-08-23','http://www.link.com.br',0,7,1,SYSDATETIME(),SYSDATETIME(),'carloswagner','carloswagner')
INSERT INTO [dbo].[LancamentosConta] VALUES(2,8,49,'Descricao Lanamento',58.37 ,58.37 ,'2022-09-07','2022-09-07','http://www.link.com.br',0,7,1,SYSDATETIME(),SYSDATETIME(),'carloswagner','carloswagner')
INSERT INTO [dbo].[LancamentosConta] VALUES(2,9,50,'Descricao Lanamento',88.39 ,88.39 ,'2022-06-13','2022-06-13','http://www.link.com.br',0,8,1,SYSDATETIME(),SYSDATETIME(),'carloswagner','carloswagner')
INSERT INTO [dbo].[LancamentosConta] VALUES(2,10,51,'Descricao Lanamento',5.97 ,5.97 ,'2022-09-17','2022-09-17','http://www.link.com.br',1,7,1,SYSDATETIME(),SYSDATETIME(),'carloswagner','carloswagner')
INSERT INTO [dbo].[LancamentosConta] VALUES(1,11,52,'Descricao Lanamento',33.70 ,33.70 ,'2022-08-05','2022-08-05','http://www.link.com.br',0,2,1,SYSDATETIME(),SYSDATETIME(),'carloswagner','carloswagner')
INSERT INTO [dbo].[LancamentosConta] VALUES(1,12,53,'Descricao Lanamento',74.08 ,74.08 ,'2022-08-18','2022-08-18','http://www.link.com.br',1,4,1,SYSDATETIME(),SYSDATETIME(),'carloswagner','carloswagner')
INSERT INTO [dbo].[LancamentosConta] VALUES(2,13,54,'Descricao Lanamento',81.38 ,81.38 ,'2022-06-21','2022-06-21','http://www.link.com.br',0,5,1,SYSDATETIME(),SYSDATETIME(),'carloswagner','carloswagner')
INSERT INTO [dbo].[LancamentosConta] VALUES(1,1,55,'Descricao Lanamento',82.04 ,82.04 ,'2022-08-09','2022-08-09','http://www.link.com.br',1,6,1,SYSDATETIME(),SYSDATETIME(),'carloswagner','carloswagner')
INSERT INTO [dbo].[LancamentosConta] VALUES(1,6,56,'Descricao Lanamento',67.45 ,67.45 ,'2022-09-17','2022-09-17','http://www.link.com.br',1,7,1,SYSDATETIME(),SYSDATETIME(),'carloswagner','carloswagner')
INSERT INTO [dbo].[LancamentosConta] VALUES(1,7,57,'Descricao Lanamento',89.17 ,89.17 ,'2022-09-11','2022-09-11','http://www.link.com.br',1,9,1,SYSDATETIME(),SYSDATETIME(),'carloswagner','carloswagner')
INSERT INTO [dbo].[LancamentosConta] VALUES(2,8,58,'Descricao Lanamento',78.24 ,78.24 ,'2022-09-12','2022-09-12','http://www.link.com.br',0,5,1,SYSDATETIME(),SYSDATETIME(),'carloswagner','carloswagner')
INSERT INTO [dbo].[LancamentosConta] VALUES(2,9,59,'Descricao Lanamento',99.96 ,99.96 ,'2022-06-24','2022-06-24','http://www.link.com.br',0,0,1,SYSDATETIME(),SYSDATETIME(),'carloswagner','carloswagner')
INSERT INTO [dbo].[LancamentosConta] VALUES(2,10,60,'Descricao Lanamento',31.01 ,31.01 ,'2022-08-19','2022-08-19','http://www.link.com.br',0,9,1,SYSDATETIME(),SYSDATETIME(),'carloswagner','carloswagner')
INSERT INTO [dbo].[LancamentosConta] VALUES(1,11,61,'Descricao Lanamento',25.38 ,25.38 ,'2022-08-28','2022-08-28','http://www.link.com.br',0,1,1,SYSDATETIME(),SYSDATETIME(),'carloswagner','carloswagner')
INSERT INTO [dbo].[LancamentosConta] VALUES(1,12,62,'Descricao Lanamento',66.42 ,66.42 ,'2022-07-31','2022-07-31','http://www.link.com.br',0,7,1,SYSDATETIME(),SYSDATETIME(),'carloswagner','carloswagner')
INSERT INTO [dbo].[LancamentosConta] VALUES(2,13,63,'Descricao Lanamento',10.37 ,10.37 ,'2022-09-01','2022-09-01','http://www.link.com.br',1,1,1,SYSDATETIME(),SYSDATETIME(),'carloswagner','carloswagner')
INSERT INTO [dbo].[LancamentosConta] VALUES(1,1,64,'Descricao Lanamento',95.32 ,95.32 ,'2022-07-04','2022-07-04','http://www.link.com.br',0,4,1,SYSDATETIME(),SYSDATETIME(),'carloswagner','carloswagner')
INSERT INTO [dbo].[LancamentosConta] VALUES(1,6,65,'Descricao Lanamento',70.69 ,70.69 ,'2022-07-13','2022-07-13','http://www.link.com.br',1,7,1,SYSDATETIME(),SYSDATETIME(),'carloswagner','carloswagner')
INSERT INTO [dbo].[LancamentosConta] VALUES(1,7,66,'Descricao Lanamento',72.74 ,72.74 ,'2022-09-11','2022-09-11','http://www.link.com.br',0,3,1,SYSDATETIME(),SYSDATETIME(),'carloswagner','carloswagner')
INSERT INTO [dbo].[LancamentosConta] VALUES(2,8,67,'Descricao Lanamento',19.14 ,19.14 ,'2022-09-10','2022-09-10','http://www.link.com.br',1,2,1,SYSDATETIME(),SYSDATETIME(),'carloswagner','carloswagner')
INSERT INTO [dbo].[LancamentosConta] VALUES(2,9,68,'Descricao Lanamento',37.86 ,37.86 ,'2022-07-12','2022-07-12','http://www.link.com.br',1,6,1,SYSDATETIME(),SYSDATETIME(),'carloswagner','carloswagner')
INSERT INTO [dbo].[LancamentosConta] VALUES(2,1,69,'Descricao Lanamento',97.62 ,97.62 ,'2022-08-01','2022-08-01','http://www.link.com.br',1,2,1,SYSDATETIME(),SYSDATETIME(),'carloswagner','carloswagner')
INSERT INTO [dbo].[LancamentosConta] VALUES(1,6,70,'Descricao Lanamento',48.29 ,48.29 ,'2022-08-10','2022-08-10','http://www.link.com.br',0,5,1,SYSDATETIME(),SYSDATETIME(),'carloswagner','carloswagner')
INSERT INTO [dbo].[LancamentosConta] VALUES(1,7,71,'Descricao Lanamento',65.93 ,65.93 ,'2022-08-14','2022-08-14','http://www.link.com.br',0,5,1,SYSDATETIME(),SYSDATETIME(),'carloswagner','carloswagner')
INSERT INTO [dbo].[LancamentosConta] VALUES(2,8,72,'Descricao Lanamento',64.75 ,64.75 ,'2022-09-10','2022-09-10','http://www.link.com.br',0,0,1,SYSDATETIME(),SYSDATETIME(),'carloswagner','carloswagner')
INSERT INTO [dbo].[LancamentosConta] VALUES(1,9,73,'Descricao Lanamento',52.92 ,52.92 ,'2022-09-03','2022-09-03','http://www.link.com.br',0,4,1,SYSDATETIME(),SYSDATETIME(),'carloswagner','carloswagner')
INSERT INTO [dbo].[LancamentosConta] VALUES(1,10,74,'Descricao Lanamento',58.56 ,58.56 ,'2022-07-13','2022-07-13','http://www.link.com.br',1,3,1,SYSDATETIME(),SYSDATETIME(),'carloswagner','carloswagner')
INSERT INTO [dbo].[LancamentosConta] VALUES(1,11,75,'Descricao Lanamento',58.70 ,58.70 ,'2022-08-17','2022-08-17','http://www.link.com.br',0,2,1,SYSDATETIME(),SYSDATETIME(),'carloswagner','carloswagner')
INSERT INTO [dbo].[LancamentosConta] VALUES(2,12,76,'Descricao Lanamento',91.53 ,91.53 ,'2022-09-18','2022-09-18','http://www.link.com.br',1,8,1,SYSDATETIME(),SYSDATETIME(),'carloswagner','carloswagner')
INSERT INTO [dbo].[LancamentosConta] VALUES(2,1,77,'Descricao Lanamento',51.56 ,51.56 ,'2022-09-19','2022-09-19','http://www.link.com.br',0,9,1,SYSDATETIME(),SYSDATETIME(),'carloswagner','carloswagner')
INSERT INTO [dbo].[LancamentosConta] VALUES(2,6,78,'Descricao Lanamento',31.21 ,31.21 ,'2022-08-30','2022-08-30','http://www.link.com.br',1,5,1,SYSDATETIME(),SYSDATETIME(),'carloswagner','carloswagner')
INSERT INTO [dbo].[LancamentosConta] VALUES(1,7,79,'Descricao Lanamento',20.55 ,20.55 ,'2022-09-13','2022-09-13','http://www.link.com.br',1,2,1,SYSDATETIME(),SYSDATETIME(),'carloswagner','carloswagner')
INSERT INTO [dbo].[LancamentosConta] VALUES(1,8,80,'Descricao Lanamento',73.75 ,73.75 ,'2022-07-05','2022-07-05','http://www.link.com.br',1,3,1,SYSDATETIME(),SYSDATETIME(),'carloswagner','carloswagner')
INSERT INTO [dbo].[LancamentosConta] VALUES(2,9,81,'Descricao Lanamento',64.78 ,64.78 ,'2022-09-03','2022-09-03','http://www.link.com.br',0,6,1,SYSDATETIME(),SYSDATETIME(),'carloswagner','carloswagner')
INSERT INTO [dbo].[LancamentosConta] VALUES(1,10,82,'Descricao Lanamento',2.40 ,2.40 ,'2022-08-14','2022-08-14','http://www.link.com.br',0,6,1,SYSDATETIME(),SYSDATETIME(),'carloswagner','carloswagner')
INSERT INTO [dbo].[LancamentosConta] VALUES(1,11,83,'Descricao Lanamento',71.25 ,71.25 ,'2022-07-13','2022-07-13','http://www.link.com.br',0,2,1,SYSDATETIME(),SYSDATETIME(),'carloswagner','carloswagner')
INSERT INTO [dbo].[LancamentosConta] VALUES(1,12,84,'Descricao Lanamento',4.72 ,4.72 ,'2022-08-25','2022-08-25','http://www.link.com.br',0,8,1,SYSDATETIME(),SYSDATETIME(),'carloswagner','carloswagner')
INSERT INTO [dbo].[LancamentosConta] VALUES(2,13,85,'Descricao Lanamento',90.66 ,90.66 ,'2022-09-05','2022-09-05','http://www.link.com.br',0,7,1,SYSDATETIME(),SYSDATETIME(),'carloswagner','carloswagner')
INSERT INTO [dbo].[LancamentosConta] VALUES(2,1,86,'Descricao Lanamento',55.93 ,55.93 ,'2022-09-01','2022-09-01','http://www.link.com.br',0,9,1,SYSDATETIME(),SYSDATETIME(),'carloswagner','carloswagner')
INSERT INTO [dbo].[LancamentosConta] VALUES(2,6,87,'Descricao Lanamento',95.06 ,95.06 ,'2022-06-23','2022-06-23','http://www.link.com.br',1,8,1,SYSDATETIME(),SYSDATETIME(),'carloswagner','carloswagner')
INSERT INTO [dbo].[LancamentosConta] VALUES(1,7,88,'Descricao Lanamento',14.70 ,14.70 ,'2022-08-16','2022-08-16','http://www.link.com.br',0,7,1,SYSDATETIME(),SYSDATETIME(),'carloswagner','carloswagner')
INSERT INTO [dbo].[LancamentosConta] VALUES(1,8,89,'Descricao Lanamento',58.33 ,58.33 ,'2022-07-28','2022-07-28','http://www.link.com.br',1,1,1,SYSDATETIME(),SYSDATETIME(),'carloswagner','carloswagner')
INSERT INTO [dbo].[LancamentosConta] VALUES(2,9,90,'Descricao Lanamento',40.68 ,40.68 ,'2022-08-06','2022-08-06','http://www.link.com.br',0,8,1,SYSDATETIME(),SYSDATETIME(),'carloswagner','carloswagner')
INSERT INTO [dbo].[LancamentosConta] VALUES(1,10,91,'Descricao Lanamento',59.38 ,59.38 ,'2022-06-20','2022-06-20','http://www.link.com.br',1,2,1,SYSDATETIME(),SYSDATETIME(),'carloswagner','carloswagner')
INSERT INTO [dbo].[LancamentosConta] VALUES(1,11,92,'Descricao Lanamento',29.46 ,29.46 ,'2022-09-19','2022-09-19','http://www.link.com.br',1,9,1,SYSDATETIME(),SYSDATETIME(),'carloswagner','carloswagner')
INSERT INTO [dbo].[LancamentosConta] VALUES(1,1,93,'Descricao Lanamento',98.27 ,98.27 ,'2022-06-20','2022-06-20','http://www.link.com.br',1,9,1,SYSDATETIME(),SYSDATETIME(),'carloswagner','carloswagner')
INSERT INTO [dbo].[LancamentosConta] VALUES(2,6,94,'Descricao Lanamento',53.72 ,53.72 ,'2022-08-21','2022-08-21','http://www.link.com.br',0,2,1,SYSDATETIME(),SYSDATETIME(),'carloswagner','carloswagner')
INSERT INTO [dbo].[LancamentosConta] VALUES(2,7,95,'Descricao Lanamento',29.38 ,29.38 ,'2022-08-18','2022-08-18','http://www.link.com.br',0,4,1,SYSDATETIME(),SYSDATETIME(),'carloswagner','carloswagner')
INSERT INTO [dbo].[LancamentosConta] VALUES(2,8,96,'Descricao Lanamento',76.75 ,76.75 ,'2022-07-09','2022-07-09','http://www.link.com.br',0,0,1,SYSDATETIME(),SYSDATETIME(),'carloswagner','carloswagner')
INSERT INTO [dbo].[LancamentosConta] VALUES(1,9,97,'Descricao Lanamento',76.57 ,76.57 ,'2022-06-29','2022-06-29','http://www.link.com.br',0,2,1,SYSDATETIME(),SYSDATETIME(),'carloswagner','carloswagner')
INSERT INTO [dbo].[LancamentosConta] VALUES(1,10,98,'Descricao Lanamento',22.92 ,22.92 ,'2022-08-20','2022-08-20','http://www.link.com.br',1,4,1,SYSDATETIME(),SYSDATETIME(),'carloswagner','carloswagner')
INSERT INTO [dbo].[LancamentosConta] VALUES(2,11,99,'Descricao Lanamento',17.62 ,17.62 ,'2022-08-04','2022-08-04','http://www.link.com.br',1,4,1,SYSDATETIME(),SYSDATETIME(),'carloswagner','carloswagner')
